insert into t_cust_order(po_no,SHORT_NAME, c_code,order_time,first_create_time,create_time) values('CG-10-04-13-039','美赛达','GC0049', now(), now(), now());
insert into t_cust_order_detail(c_code, SHORT_NAME, po_no, staff_id,sales_id, c_part_no, part_no, pn_desc, comm_desc, spec_desc, amount, c_price, money, org_delivery_date,vendor_code,ORDERAMOUNT,RLT_ORDER_PO_NO)  values('GC0049', '美赛达', 'CG-10-04-13-039','','','10522UH01','GCRH4D28-220NC','4D28 22UH +/-25%',null,'送货单请注明安防用',44000,.51,22440,'2010-08-09','GV0005', 44000,'CKCK');
insert into t_vendor_order(po_no,SHORT_NAME, c_code,order_time,create_time) values('CKCK','今凯','GV0005', now(), now());
insert into t_vendor_order_detail(c_code, SHORT_NAME, po_no, staff_id,staff_name,SETTLEMENT_TYPE,PO_NO_TYPE, c_part_no, part_no, pn_desc, comm_desc, spec_desc, amount, c_price, money, org_delivery_date,CUST_C_CODE,RLT_ORDER_PO_NO)  values('GV0005', '今凯', 'CKCK','','','','0','CKRH4D28-220NC','GCRH4D28-220NC','4D28 22UH 500MA +/-25%',null,'送货单请注明安防用',44000,.45,19800,'2010-08-10','GC0049','CG-10-04-13-039');
insert into t_cust_order_detail(c_code, SHORT_NAME, po_no, staff_id,sales_id, c_part_no, part_no, pn_desc, comm_desc, spec_desc, amount, c_price, money, org_delivery_date,vendor_code,ORDERAMOUNT,RLT_ORDER_PO_NO)  values('GC0049', '美赛达', 'CG-10-04-13-039','','','10510UH01','GCRH5D18-100NC','5D18 10UH +/-25%',null,'',8000,.51,4080,'2010-08-09','GV0005', 8000,'CKCK');
insert into t_vendor_order_detail(c_code, SHORT_NAME, po_no, staff_id,staff_name,SETTLEMENT_TYPE,PO_NO_TYPE, c_part_no, part_no, pn_desc, comm_desc, spec_desc, amount, c_price, money, org_delivery_date,CUST_C_CODE,RLT_ORDER_PO_NO)  values('GV0005', '今凯', 'CKCK','','','','0','CKRH5D18-100NC','GCRH5D18-100NC','5D18 10UH +/-25%',null,'',8000,.45,3600,'2010-08-10','GC0049','CG-10-04-13-039');
insert into t_cust_order(po_no,SHORT_NAME, c_code,order_time,first_create_time,create_time) values('GH20100245','济南玉兔','GC0130', now(), now(), now());
insert into t_cust_order_detail(c_code, SHORT_NAME, po_no, staff_id,sales_id, c_part_no, part_no, pn_desc, comm_desc, spec_desc, amount, c_price, money, org_delivery_date,vendor_code,ORDERAMOUNT,RLT_ORDER_PO_NO)  values('GC0130', '济南玉兔', 'GH20100245','','','470UH 7032','GSLF7032T-471M','7032 470UH +/-20%',null,'',1000,.8,800,'2010-08-09','GV0004', 1000,'CKCQ');
insert into t_vendor_order(po_no,SHORT_NAME, c_code,order_time,create_time) values('CKCQ','成启','GV0004', now(), now());
insert into t_vendor_order_detail(c_code, SHORT_NAME, po_no, staff_id,staff_name,SETTLEMENT_TYPE,PO_NO_TYPE, c_part_no, part_no, pn_desc, comm_desc, spec_desc, amount, c_price, money, org_delivery_date,CUST_C_CODE,RLT_ORDER_PO_NO)  values('GV0004', '成启', 'CKCQ','','','','0','SLF7032T-471M','GSLF7032T-471M','7032 470UH +/-20%',null,'',1000,0,0,'2010-08-10','GC0130','GH20100245');
insert into t_cust_order(po_no,SHORT_NAME, c_code,order_time,first_create_time,create_time) values('W201005065','兴日洋','GC0065', now(), now(), now());
insert into t_cust_order_detail(c_code, SHORT_NAME, po_no, staff_id,sales_id, c_part_no, part_no, pn_desc, comm_desc, spec_desc, amount, c_price, money, org_delivery_date,vendor_code,ORDERAMOUNT,RLT_ORDER_PO_NO)  values('GC0065', '兴日洋', 'W201005065','','','L5D284U702','GCRH5D28-4R7NC','5D28 4.7UH +/-25%',null,'',1000,.5,500,'2010-05-13','GV0005', 1000,'CKKC');
insert into t_vendor_order(po_no,SHORT_NAME, c_code,order_time,create_time) values('CKKC','今凯','GV0005', now(), now());
insert into t_vendor_order_detail(c_code, SHORT_NAME, po_no, staff_id,staff_name,SETTLEMENT_TYPE,PO_NO_TYPE, c_part_no, part_no, pn_desc, comm_desc, spec_desc, amount, c_price, money, org_delivery_date,CUST_C_CODE,RLT_ORDER_PO_NO)  values('GV0005', '今凯', 'CKKC','','','','0','CKRH5D28-4R7NC','GCRH5D28-4R7NC','5D28 4.7UH +/-25%',null,'',1000,.45,450,'2010-08-10','GC0065','W201005065');
insert into t_cust_order_detail(c_code, SHORT_NAME, po_no, staff_id,sales_id, c_part_no, part_no, pn_desc, comm_desc, spec_desc, amount, c_price, money, org_delivery_date,vendor_code,ORDERAMOUNT,RLT_ORDER_PO_NO)  values('GC0049', '美赛达', 'CG-10-04-13-039','','','10510UH08','GCRH8D28-100M','8D28 10UH +/-20%',null,'',12000,.75,9000,'2010-08-09','GV0005', 12000,'KCCK');
insert into t_vendor_order(po_no,SHORT_NAME, c_code,order_time,create_time) values('KCCK','今凯','GV0005', now(), now());
insert into t_vendor_order_detail(c_code, SHORT_NAME, po_no, staff_id,staff_name,SETTLEMENT_TYPE,PO_NO_TYPE, c_part_no, part_no, pn_desc, comm_desc, spec_desc, amount, c_price, money, org_delivery_date,CUST_C_CODE,RLT_ORDER_PO_NO)  values('GV0005', '今凯', 'KCCK','','','','0','CKRH8D28-100M','GCRH8D28-100M','8D28 10UH +/-20%',null,'',12000,.68,8160,'2010-08-10','GC0049','CG-10-04-13-039');
insert into t_cust_order_detail(c_code, SHORT_NAME, po_no, staff_id,sales_id, c_part_no, part_no, pn_desc, comm_desc, spec_desc, amount, c_price, money, org_delivery_date,vendor_code,ORDERAMOUNT,RLT_ORDER_PO_NO)  values('GC0049', '美赛达', 'CG-10-04-13-039','','','105330U01','GCRH104R-331NC','104R 330UH +/-25%',null,'',12000,.68,8160,'2010-08-09','GV0005', 12000,'KCCK');
insert into t_vendor_order_detail(c_code, SHORT_NAME, po_no, staff_id,staff_name,SETTLEMENT_TYPE,PO_NO_TYPE, c_part_no, part_no, pn_desc, comm_desc, spec_desc, amount, c_price, money, org_delivery_date,CUST_C_CODE,RLT_ORDER_PO_NO)  values('GV0005', '今凯', 'KCCK','','','','0','CKRH104R-331NC','GCRH104R-331NC','104R 330UH +/-25%',null,'',12000,.68,8160,'2010-08-10','GC0049','CG-10-04-13-039');
insert into t_cust_order(po_no,SHORT_NAME, c_code,order_time,first_create_time,create_time) values('CGDD0330','中海达','GC0112', now(), now(), now());
insert into t_cust_order_detail(c_code, SHORT_NAME, po_no, staff_id,sales_id, c_part_no, part_no, pn_desc, comm_desc, spec_desc, amount, c_price, money, org_delivery_date,vendor_code,ORDERAMOUNT,RLT_ORDER_PO_NO)  values('GC0112', '中海达', 'CGDD0330','','','011202041','GCRH8D28-100M','8D28 10UH +/-20%',null,'',1000,1.13,1130,'2010-08-16','GV0005', 1000,'KCCK');
insert into t_vendor_order_detail(c_code, SHORT_NAME, po_no, staff_id,staff_name,SETTLEMENT_TYPE,PO_NO_TYPE, c_part_no, part_no, pn_desc, comm_desc, spec_desc, amount, c_price, money, org_delivery_date,CUST_C_CODE,RLT_ORDER_PO_NO)  values('GV0005', '今凯', 'KCCK','','','','0','CKRH8D28-100M','GCRH8D28-100M','8D28 10UH +/-20%',null,'',1000,.605,605,'2010-11-08','GC0112','CGDD0330');
insert into t_cust_order(po_no,SHORT_NAME, c_code,order_time,first_create_time,create_time) values('CZ20100715001','泽昶','GC0107', now(), now(), now());
insert into t_cust_order_detail(c_code, SHORT_NAME, po_no, staff_id,sales_id, c_part_no, part_no, pn_desc, comm_desc, spec_desc, amount, c_price, money, org_delivery_date,vendor_code,ORDERAMOUNT,RLT_ORDER_PO_NO)  values('GC0107', '泽昶', 'CZ20100715001','','','GCRH127-330N','GCRH127-330NC','127 33UH +/-25%',null,'',1000,.9,900,'2010-07-30','GV0005', 1000,'KCCK');
insert into t_vendor_order_detail(c_code, SHORT_NAME, po_no, staff_id,staff_name,SETTLEMENT_TYPE,PO_NO_TYPE, c_part_no, part_no, pn_desc, comm_desc, spec_desc, amount, c_price, money, org_delivery_date,CUST_C_CODE,RLT_ORDER_PO_NO)  values('GV0005', '今凯', 'KCCK','','','','0','CKRH127-330NC','GCRH127-330NC','127 33UH +/-25%',null,'',1000,.66,660,'2010-08-10','GC0107','CZ20100715001');
insert into t_cust_order(po_no,SHORT_NAME, c_code,order_time,first_create_time,create_time) values('FA-PO-20100521051','飞歌汽车音响','GC0016', now(), now(), now());
insert into t_cust_order_detail(c_code, SHORT_NAME, po_no, staff_id,sales_id, c_part_no, part_no, pn_desc, comm_desc, spec_desc, amount, c_price, money, org_delivery_date,vendor_code,ORDERAMOUNT,RLT_ORDER_PO_NO)  values('GC0016', '飞歌汽车音响', 'FA-PO-20100521051','','','DZ03V0025R0','GCRH5D28-100M','5D28 10UH',null,'',34000,.65,22100,'2010-11-02','GV0005', 34000,'KCCK');
insert into t_vendor_order_detail(c_code, SHORT_NAME, po_no, staff_id,staff_name,SETTLEMENT_TYPE,PO_NO_TYPE, c_part_no, part_no, pn_desc, comm_desc, spec_desc, amount, c_price, money, org_delivery_date,CUST_C_CODE,RLT_ORDER_PO_NO)  values('GV0005', '今凯', 'KCCK','','','','0','CKRH5D28-100M','GCRH5D28-100M','5D28 10UH +/-20%',null,'',34000,.45,15300,'2010-08-10','GC0016','FA-PO-20100521051');
insert into t_cust_order_detail(c_code, SHORT_NAME, po_no, staff_id,sales_id, c_part_no, part_no, pn_desc, comm_desc, spec_desc, amount, c_price, money, org_delivery_date,vendor_code,ORDERAMOUNT,RLT_ORDER_PO_NO)  values('GC0016', '飞歌汽车音响', 'FA-PO-20100521051','','','DZ03V0062R0','GCRH2D18A/HP-2R2NC','2D18A/HP 2.2UH +/-25% 高度2MM DCR小于125M欧 可耐电流0.63A',null,'',30000,.62,18600,'2010-11-02','GV0005', 30000,'KCCK');
insert into t_vendor_order_detail(c_code, SHORT_NAME, po_no, staff_id,staff_name,SETTLEMENT_TYPE,PO_NO_TYPE, c_part_no, part_no, pn_desc, comm_desc, spec_desc, amount, c_price, money, org_delivery_date,CUST_C_CODE,RLT_ORDER_PO_NO)  values('GV0005', '今凯', 'KCCK','','','','0','CKRH2D18A/HP-2R2NC','GCRH2D18A/HP-2R2NC','2D18A/HP 2.2UH +/-25% 高度2MM DCR小于125M欧 可耐电流0.63A',null,'',30000,.473,14190,'2010-08-10','GC0016','FA-PO-20100521051');
insert into t_cust_order(po_no,SHORT_NAME, c_code,order_time,first_create_time,create_time) values('FA-PO-20100709003','飞歌汽车音响','GC0016', now(), now(), now());
insert into t_cust_order_detail(c_code, SHORT_NAME, po_no, staff_id,sales_id, c_part_no, part_no, pn_desc, comm_desc, spec_desc, amount, c_price, money, org_delivery_date,vendor_code,ORDERAMOUNT,RLT_ORDER_PO_NO)  values('GC0016', '飞歌汽车音响', 'FA-PO-20100709003','','','DZ03V0022R0','GCRH74-102M','74 1000UH +/-20%',null,'',14000,.74,10360,'2010-09-05','GV0005', 14000,'KCCK');
insert into t_vendor_order_detail(c_code, SHORT_NAME, po_no, staff_id,staff_name,SETTLEMENT_TYPE,PO_NO_TYPE, c_part_no, part_no, pn_desc, comm_desc, spec_desc, amount, c_price, money, org_delivery_date,CUST_C_CODE,RLT_ORDER_PO_NO)  values('GV0005', '今凯', 'KCCK','','','','0','CKRH74-102M','GCRH74-102M','74 1000UH +/-20%',null,'',14000,.6,8400,'2010-08-10','GC0016','FA-PO-20100709003');
insert into t_cust_order_detail(c_code, SHORT_NAME, po_no, staff_id,sales_id, c_part_no, part_no, pn_desc, comm_desc, spec_desc, amount, c_price, money, org_delivery_date,vendor_code,ORDERAMOUNT,RLT_ORDER_PO_NO)  values('GC0016', '飞歌汽车音响', 'FA-PO-20100709003','','','DZ03V0026R0','GCRH5D28-101NC','5D28 100UH +/-25%',null,'',6000,.65,3900,'2010-09-05','GV0005', 6000,'KCCK');
insert into t_vendor_order_detail(c_code, SHORT_NAME, po_no, staff_id,staff_name,SETTLEMENT_TYPE,PO_NO_TYPE, c_part_no, part_no, pn_desc, comm_desc, spec_desc, amount, c_price, money, org_delivery_date,CUST_C_CODE,RLT_ORDER_PO_NO)  values('GV0005', '今凯', 'KCCK','','','','0','CKRH5D28-101NC','GCRH5D28-101NC','5D28 100UH +/-25%',null,'',6000,.45,2700,'2010-08-10','GC0016','FA-PO-20100709003');
insert into t_cust_order_detail(c_code, SHORT_NAME, po_no, staff_id,sales_id, c_part_no, part_no, pn_desc, comm_desc, spec_desc, amount, c_price, money, org_delivery_date,vendor_code,ORDERAMOUNT,RLT_ORDER_PO_NO)  values('GC0016', '飞歌汽车音响', 'FA-PO-20100709003','','','DZ03V0033R0','GCRH5D28-470NC','5D28 47UH +/-25%',null,'',6000,.65,3900,'2010-09-05','GV0005', 6000,'KCCK');
insert into t_vendor_order_detail(c_code, SHORT_NAME, po_no, staff_id,staff_name,SETTLEMENT_TYPE,PO_NO_TYPE, c_part_no, part_no, pn_desc, comm_desc, spec_desc, amount, c_price, money, org_delivery_date,CUST_C_CODE,RLT_ORDER_PO_NO)  values('GV0005', '今凯', 'KCCK','','','','0','CKRH5D28-470NC','GCRH5D28-470NC','5D28 47UH +/-25%',null,'',6000,.45,2700,'2010-09-01','GC0016','FA-PO-20100709003');
insert into t_cust_order(po_no,SHORT_NAME, c_code,order_time,first_create_time,create_time) values('FA-PO-A2010063002','飞歌汽车音响','GC0016', now(), now(), now());
insert into t_cust_order_detail(c_code, SHORT_NAME, po_no, staff_id,sales_id, c_part_no, part_no, pn_desc, comm_desc, spec_desc, amount, c_price, money, org_delivery_date,vendor_code,ORDERAMOUNT,RLT_ORDER_PO_NO)  values('GC0016', '飞歌汽车音响', 'FA-PO-A2010063002','','','DZ03V0009R0','GCRH125-470M','125 47UH +/-20%',null,'',12000,.75,9000,'2010-08-18','GV0005', 12000,'KCCK');
insert into t_vendor_order_detail(c_code, SHORT_NAME, po_no, staff_id,staff_name,SETTLEMENT_TYPE,PO_NO_TYPE, c_part_no, part_no, pn_desc, comm_desc, spec_desc, amount, c_price, money, org_delivery_date,CUST_C_CODE,RLT_ORDER_PO_NO)  values('GV0005', '今凯', 'KCCK','','','','0','CKRH125-470M','GCRH125-470M','125 47UH +/-20%',null,'',12000,.66,7920,'2010-08-10','GC0016','FA-PO-A2010063002');
insert into t_cust_order(po_no,SHORT_NAME, c_code,order_time,first_create_time,create_time) values('GH20100160','鑫永华','GC0063', now(), now(), now());
insert into t_cust_order_detail(c_code, SHORT_NAME, po_no, staff_id,sales_id, c_part_no, part_no, pn_desc, comm_desc, spec_desc, amount, c_price, money, org_delivery_date,vendor_code,ORDERAMOUNT,RLT_ORDER_PO_NO)  values('GC0063', '鑫永华', 'GH20100160','','','GCRH4D28-331NC','GCRH4D28-331M','4D28 330UH +/-20%',null,'',2000,.53,1060,'2010-08-12','GV0005', 2000,'KCCK');
insert into t_vendor_order_detail(c_code, SHORT_NAME, po_no, staff_id,staff_name,SETTLEMENT_TYPE,PO_NO_TYPE, c_part_no, part_no, pn_desc, comm_desc, spec_desc, amount, c_price, money, org_delivery_date,CUST_C_CODE,RLT_ORDER_PO_NO)  values('GV0005', '今凯', 'KCCK','','','','0','CKRH4D28-331M','GCRH4D28-331M','4D28 330UH +/-20%',null,'',2000,.45,900,'2010-08-15','GC0063','GH20100160');
insert into t_cust_order(po_no,SHORT_NAME, c_code,order_time,first_create_time,create_time) values('GH20100247','广越视通','GC0026', now(), now(), now());
insert into t_cust_order_detail(c_code, SHORT_NAME, po_no, staff_id,sales_id, c_part_no, part_no, pn_desc, comm_desc, spec_desc, amount, c_price, money, org_delivery_date,vendor_code,ORDERAMOUNT,RLT_ORDER_PO_NO)  values('GC0026', '广越视通', 'GH20100247','','','GCRH4D28-151M','GCRH4D28-151M-D','4D28 150UH +/-20% 点胶',null,'',4000,.6,2400,'2010-08-04','GV0005', 4000,'KCCK');
insert into t_vendor_order_detail(c_code, SHORT_NAME, po_no, staff_id,staff_name,SETTLEMENT_TYPE,PO_NO_TYPE, c_part_no, part_no, pn_desc, comm_desc, spec_desc, amount, c_price, money, org_delivery_date,CUST_C_CODE,RLT_ORDER_PO_NO)  values('GV0005', '今凯', 'KCCK','','','','0','CKRH4D28-151M','GCRH4D28-151M-D','4D28 150UH +/-20% 点胶',null,'',4000,.46,1840,'2010-08-05','GC0026','GH20100247');
insert into t_cust_order(po_no,SHORT_NAME, c_code,order_time,first_create_time,create_time) values('PO2010060257','建威','GC0048', now(), now(), now());
insert into t_cust_order_detail(c_code, SHORT_NAME, po_no, staff_id,sales_id, c_part_no, part_no, pn_desc, comm_desc, spec_desc, amount, c_price, money, org_delivery_date,vendor_code,ORDERAMOUNT,RLT_ORDER_PO_NO)  values('GC0048', '建威', 'PO2010060257','','','12-0400-0007E','GCRH2D18A/HP-4R7NC','2D18A/HP 4.7UH 高度2MM DCR小于78M欧 可耐电流0.63A +/-25% 对角型脚位',null,'',2000,.495,990,'2010-06-17','GV0005', 2000,'KCCK');
insert into t_vendor_order_detail(c_code, SHORT_NAME, po_no, staff_id,staff_name,SETTLEMENT_TYPE,PO_NO_TYPE, c_part_no, part_no, pn_desc, comm_desc, spec_desc, amount, c_price, money, org_delivery_date,CUST_C_CODE,RLT_ORDER_PO_NO)  values('GV0005', '今凯', 'KCCK','','','','0','CKRH2D18A/HP-4R7NC','GCRH2D18A/HP-4R7NC','2D18A/HP 4.7UH 高度2MM DCR小于78M欧 可耐电流0.63A +/-25% 对角型脚位',null,'',2000,.473,946,'2010-08-15','GC0048','PO2010060257');
insert into t_cust_order(po_no,SHORT_NAME, c_code,order_time,first_create_time,create_time) values('POORD004637','景阳科技','GC0028', now(), now(), now());
insert into t_cust_order_detail(c_code, SHORT_NAME, po_no, staff_id,sales_id, c_part_no, part_no, pn_desc, comm_desc, spec_desc, amount, c_price, money, org_delivery_date,vendor_code,ORDERAMOUNT,RLT_ORDER_PO_NO)  values('GC0028', '景阳科技', 'POORD004637','','','GCRH4D28-6R8NC','GCRH4D28-6R8NC','4D28 6.8UH +/-25%',null,'',2000,.75,1500,'2010-08-09','GV0005', 2000,'KCCK');
insert into t_vendor_order_detail(c_code, SHORT_NAME, po_no, staff_id,staff_name,SETTLEMENT_TYPE,PO_NO_TYPE, c_part_no, part_no, pn_desc, comm_desc, spec_desc, amount, c_price, money, org_delivery_date,CUST_C_CODE,RLT_ORDER_PO_NO)  values('GV0005', '今凯', 'KCCK','','','','0','CKRH4D28-6R8NC','GCRH4D28-6R8NC','4D28 6.8UH +/-25%',null,'',2000,.45,900,'2010-08-10','GC0028','POORD004637');
insert into t_cust_order(po_no,SHORT_NAME, c_code,order_time,first_create_time,create_time) values('YX10071509','昱鑫共创','GC0083', now(), now(), now());
insert into t_cust_order_detail(c_code, SHORT_NAME, po_no, staff_id,sales_id, c_part_no, part_no, pn_desc, comm_desc, spec_desc, amount, c_price, money, org_delivery_date,vendor_code,ORDERAMOUNT,RLT_ORDER_PO_NO)  values('GC0083', '昱鑫共创', 'YX10071509','','','4D28-151','GCRH4D28-151NC-D','4D28 150UH +/-25% 点胶',null,'可确定明细',14000,.56,7840,'2010-07-18','GV0005', 14000,'KCCK');
insert into t_vendor_order_detail(c_code, SHORT_NAME, po_no, staff_id,staff_name,SETTLEMENT_TYPE,PO_NO_TYPE, c_part_no, part_no, pn_desc, comm_desc, spec_desc, amount, c_price, money, org_delivery_date,CUST_C_CODE,RLT_ORDER_PO_NO)  values('GV0005', '今凯', 'KCCK','','','','0','CKRH4D28-151NC','GCRH4D28-151NC-D','4D28 150UH +/-25% 点胶',null,'可确定明细',14000,0,0,'2010-08-10','GC0083','YX10071509');
insert into t_cust_order(po_no,SHORT_NAME, c_code,order_time,first_create_time,create_time) values('YX10072608','昱鑫共创','GC0083', now(), now(), now());
insert into t_cust_order_detail(c_code, SHORT_NAME, po_no, staff_id,sales_id, c_part_no, part_no, pn_desc, comm_desc, spec_desc, amount, c_price, money, org_delivery_date,vendor_code,ORDERAMOUNT,RLT_ORDER_PO_NO)  values('GC0083', '昱鑫共创', 'YX10072608','','','GCRH4D18-101NC','GCRH4D18-101NC','4D18 100UH +/-25%',null,'可确定明细',4000,.56,2240,'2010-07-30','GV0005', 4000,'KCCK');
insert into t_vendor_order_detail(c_code, SHORT_NAME, po_no, staff_id,staff_name,SETTLEMENT_TYPE,PO_NO_TYPE, c_part_no, part_no, pn_desc, comm_desc, spec_desc, amount, c_price, money, org_delivery_date,CUST_C_CODE,RLT_ORDER_PO_NO)  values('GV0005', '今凯', 'KCCK','','','','0','CKRH4D18-101NC','GCRH4D18-101NC','4D18 100UH +/-25%',null,'可确定明细',4000,.45,1800,'2010-08-15','GC0083','YX10072608');
insert into t_cust_order(po_no,SHORT_NAME, c_code,order_time,first_create_time,create_time) values('FA-PO-A20100713007','飞歌汽车音响','GC0016', now(), now(), now());
insert into t_cust_order_detail(c_code, SHORT_NAME, po_no, staff_id,sales_id, c_part_no, part_no, pn_desc, comm_desc, spec_desc, amount, c_price, money, org_delivery_date,vendor_code,ORDERAMOUNT,RLT_ORDER_PO_NO)  values('GC0016', '飞歌汽车音响', 'FA-PO-A20100713007','','','DZ03V0017R0','GCD3225-220M-D','3225 22UH +/-20% 点胶 2K/盘 8MM编带',null,'',16000,.28,4480,'2010-08-15','GV0004', 16000,'KCCQ');
insert into t_vendor_order(po_no,SHORT_NAME, c_code,order_time,create_time) values('KCCQ','成启','GV0004', now(), now());
insert into t_vendor_order_detail(c_code, SHORT_NAME, po_no, staff_id,staff_name,SETTLEMENT_TYPE,PO_NO_TYPE, c_part_no, part_no, pn_desc, comm_desc, spec_desc, amount, c_price, money, org_delivery_date,CUST_C_CODE,RLT_ORDER_PO_NO)  values('GV0004', '成启', 'KCCQ','','','','0','SQ2520-220M','GCD3225-220M-D','3225 22UH +/-20% 点胶 2K/盘 8MM编带',null,'',16000,.162,2592,'2010-08-05','GC0016','FA-PO-A20100713007');
insert into t_cust_order(po_no,SHORT_NAME, c_code,order_time,first_create_time,create_time) values('B1007048','金三立视频','GC0019', now(), now(), now());
insert into t_cust_order_detail(c_code, SHORT_NAME, po_no, staff_id,sales_id, c_part_no, part_no, pn_desc, comm_desc, spec_desc, amount, c_price, money, org_delivery_date,vendor_code,ORDERAMOUNT,RLT_ORDER_PO_NO)  values('GC0019', '金三立视频', 'B1007048','','','L.D.01002000','GCRH104R-100M','2A 10UH',null,'',200,.82,164,'2010-07-18','GV0006', 200,'KCHSM');
insert into t_vendor_order(po_no,SHORT_NAME, c_code,order_time,create_time) values('KCHSM','海瑞达','GV0006', now(), now());
insert into t_vendor_order_detail(c_code, SHORT_NAME, po_no, staff_id,staff_name,SETTLEMENT_TYPE,PO_NO_TYPE, c_part_no, part_no, pn_desc, comm_desc, spec_desc, amount, c_price, money, org_delivery_date,CUST_C_CODE,RLT_ORDER_PO_NO)  values('GV0006', '海瑞达', 'KCHSM','','','','0','HSMRH104R-100M','GCRH104R-100M','104R 10UH 2A +/-20%',null,'',200,.5,100,'2010-08-15','GC0019','B1007048');
insert into t_cust_order(po_no,SHORT_NAME, c_code,order_time,first_create_time,create_time) values('B1007049','金三立视频','GC0019', now(), now(), now());
insert into t_cust_order_detail(c_code, SHORT_NAME, po_no, staff_id,sales_id, c_part_no, part_no, pn_desc, comm_desc, spec_desc, amount, c_price, money, org_delivery_date,vendor_code,ORDERAMOUNT,RLT_ORDER_PO_NO)  values('GC0019', '金三立视频', 'B1007049','','','L.D.01002000','GCRH104R-100M','2A 10UH',null,'',800,.82,656,'2010-07-14','GV0006', 800,'KCHSM');
insert into t_vendor_order_detail(c_code, SHORT_NAME, po_no, staff_id,staff_name,SETTLEMENT_TYPE,PO_NO_TYPE, c_part_no, part_no, pn_desc, comm_desc, spec_desc, amount, c_price, money, org_delivery_date,CUST_C_CODE,RLT_ORDER_PO_NO)  values('GV0006', '海瑞达', 'KCHSM','','','','0','HSMRH104R-100M','GCRH104R-100M','104R 10UH 2A +/-20%',null,'',800,.5,400,'2010-08-15','GC0019','B1007049');
insert into t_cust_order(po_no,SHORT_NAME, c_code,order_time,first_create_time,create_time) values('GH20100072','柯宏达','GC0030', now(), now(), now());
insert into t_cust_order_detail(c_code, SHORT_NAME, po_no, staff_id,sales_id, c_part_no, part_no, pn_desc, comm_desc, spec_desc, amount, c_price, money, org_delivery_date,vendor_code,ORDERAMOUNT,RLT_ORDER_PO_NO)  values('GC0030', '柯宏达', 'GH20100072','','','GCRH7032-471M','GCRH7032-471M','470UH 封胶',null,'',5000,.58,2900,'2010-08-09','GV0006', 5000,'KCHSM');
insert into t_vendor_order_detail(c_code, SHORT_NAME, po_no, staff_id,staff_name,SETTLEMENT_TYPE,PO_NO_TYPE, c_part_no, part_no, pn_desc, comm_desc, spec_desc, amount, c_price, money, org_delivery_date,CUST_C_CODE,RLT_ORDER_PO_NO)  values('GV0006', '海瑞达', 'KCHSM','','','','0','HSMSLF0732-471M','GCRH7032-471M','7032 470UH +/-20%',null,'',5000,.5,2500,'2010-08-15','GC0030','GH20100072');
insert into t_cust_order(po_no,SHORT_NAME, c_code,order_time,first_create_time,create_time) values('GH20100214','柯宏达','GC0030', now(), now(), now());
insert into t_cust_order_detail(c_code, SHORT_NAME, po_no, staff_id,sales_id, c_part_no, part_no, pn_desc, comm_desc, spec_desc, amount, c_price, money, org_delivery_date,vendor_code,ORDERAMOUNT,RLT_ORDER_PO_NO)  values('GC0030', '柯宏达', 'GH20100214','','','GCRH7032-471M','GCRH7032-471M','470UH 封胶',null,'',15000,.58,8700,'2010-08-09','GV0006', 15000,'KCHSM');
insert into t_vendor_order_detail(c_code, SHORT_NAME, po_no, staff_id,staff_name,SETTLEMENT_TYPE,PO_NO_TYPE, c_part_no, part_no, pn_desc, comm_desc, spec_desc, amount, c_price, money, org_delivery_date,CUST_C_CODE,RLT_ORDER_PO_NO)  values('GV0006', '海瑞达', 'KCHSM','','','','0','HSMSLF0732-471M','GCRH7032-471M','7032 470UH +/-20%',null,'',15000,.5,7500,'2010-08-15','GC0030','GH20100214');
insert into t_cust_order(po_no,SHORT_NAME, c_code,order_time,first_create_time,create_time) values('GH20100216','柯宏达','GC0030', now(), now(), now());
insert into t_cust_order_detail(c_code, SHORT_NAME, po_no, staff_id,sales_id, c_part_no, part_no, pn_desc, comm_desc, spec_desc, amount, c_price, money, org_delivery_date,vendor_code,ORDERAMOUNT,RLT_ORDER_PO_NO)  values('GC0030', '柯宏达', 'GH20100216','','','GCRH7032-471M','GCRH7032-471M','470UH 封胶',null,'',20000,.58,11600,'2010-07-07','GV0006', 20000,'KCHSM');
insert into t_vendor_order_detail(c_code, SHORT_NAME, po_no, staff_id,staff_name,SETTLEMENT_TYPE,PO_NO_TYPE, c_part_no, part_no, pn_desc, comm_desc, spec_desc, amount, c_price, money, org_delivery_date,CUST_C_CODE,RLT_ORDER_PO_NO)  values('GV0006', '海瑞达', 'KCHSM','','','','0','HSMSLF0732-471M','GCRH7032-471M','7032 470UH +/-20%',null,'',20000,.5,10000,'2010-08-15','GC0030','GH20100216');
insert into t_cust_order(po_no,SHORT_NAME, c_code,order_time,first_create_time,create_time) values('GH20100218','维宝视','GC0084', now(), now(), now());
insert into t_cust_order_detail(c_code, SHORT_NAME, po_no, staff_id,sales_id, c_part_no, part_no, pn_desc, comm_desc, spec_desc, amount, c_price, money, org_delivery_date,vendor_code,ORDERAMOUNT,RLT_ORDER_PO_NO)  values('GC0084', '维宝视', 'GH20100218','','','63B-561M','GCRH63B-561M-D','63B 560UH +/-20% 封胶',null,'',4000,.6,2400,'2010-07-02','GV0006', 4000,'KCHSM');
insert into t_vendor_order_detail(c_code, SHORT_NAME, po_no, staff_id,staff_name,SETTLEMENT_TYPE,PO_NO_TYPE, c_part_no, part_no, pn_desc, comm_desc, spec_desc, amount, c_price, money, org_delivery_date,CUST_C_CODE,RLT_ORDER_PO_NO)  values('GV0006', '海瑞达', 'KCHSM','','','','0','HSMRH63B-561M','GCRH63B-561M-D','63B 560UH +/-20% 封胶',null,'',4000,.5,2000,'2010-08-15','GC0084','GH20100218');
insert into t_cust_order(po_no,SHORT_NAME, c_code,order_time,first_create_time,create_time) values('GH20100248-1','罡扇广联（税）','GC0098', now(), now(), now());
insert into t_cust_order_detail(c_code, SHORT_NAME, po_no, staff_id,sales_id, c_part_no, part_no, pn_desc, comm_desc, spec_desc, amount, c_price, money, org_delivery_date,vendor_code,ORDERAMOUNT,RLT_ORDER_PO_NO)  values('GC0098', '罡扇广联（税）', 'GH20100248-1','','','12B40-GCRH124','GCRH124-470M','47UH',null,'',1000,.85,850,'2010-08-10','GV0006', 1000,'KCHSM');
insert into t_vendor_order_detail(c_code, SHORT_NAME, po_no, staff_id,staff_name,SETTLEMENT_TYPE,PO_NO_TYPE, c_part_no, part_no, pn_desc, comm_desc, spec_desc, amount, c_price, money, org_delivery_date,CUST_C_CODE,RLT_ORDER_PO_NO)  values('GV0006', '海瑞达', 'KCHSM','','','','0','HSMRH124-470M','GCRH124-470M','47UH',null,'',1000,.6,600,'2010-08-08','GC0098','GH20100248-1');
insert into t_cust_order(po_no,SHORT_NAME, c_code,order_time,first_create_time,create_time) values('20100802','延创兴','GC0106', now(), now(), now());
insert into t_cust_order_detail(c_code, SHORT_NAME, po_no, staff_id,sales_id, c_part_no, part_no, pn_desc, comm_desc, spec_desc, amount, c_price, money, org_delivery_date,vendor_code,ORDERAMOUNT,RLT_ORDER_PO_NO)  values('GC0106', '延创兴', '20100802','','','09-52-R22217','ELJFB221KF-G','4532 220UH +/-10%',null,'',4000,.48,1920,'2010-08-03','GV0001', 4000,'KCKX');
insert into t_vendor_order(po_no,SHORT_NAME, c_code,order_time,create_time) values('KCKX','科翔兴','GV0001', now(), now());
insert into t_vendor_order_detail(c_code, SHORT_NAME, po_no, staff_id,staff_name,SETTLEMENT_TYPE,PO_NO_TYPE, c_part_no, part_no, pn_desc, comm_desc, spec_desc, amount, c_price, money, org_delivery_date,CUST_C_CODE,RLT_ORDER_PO_NO)  values('GV0001', '科翔兴', 'KCKX','','','','0','ELJFB221KF','ELJFB221KF-G','4532 220UH +/-10%',null,'',4000,.049,196,'2010-08-10','GC0106','20100802');
insert into t_cust_order(po_no,SHORT_NAME, c_code,order_time,first_create_time,create_time) values('D1008013','乐视视频','GC0011', now(), now(), now());
insert into t_cust_order_detail(c_code, SHORT_NAME, po_no, staff_id,sales_id, c_part_no, part_no, pn_desc, comm_desc, spec_desc, amount, c_price, money, org_delivery_date,vendor_code,ORDERAMOUNT,RLT_ORDER_PO_NO)  values('GC0011', '乐视视频', 'D1008013','','','DG2200325','ELJPA220KF-G','3225 22UH +/-10%低内阻',null,'',4000,.19,760,'2010-08-26','GV0001', 4000,'KCKX');
insert into t_vendor_order_detail(c_code, SHORT_NAME, po_no, staff_id,staff_name,SETTLEMENT_TYPE,PO_NO_TYPE, c_part_no, part_no, pn_desc, comm_desc, spec_desc, amount, c_price, money, org_delivery_date,CUST_C_CODE,RLT_ORDER_PO_NO)  values('GV0001', '科翔兴', 'KCKX','','','','0','ELJPA220KF','ELJPA220KF-G','3225 22UH +/-10%低内阻',null,'',4000,.0192,76.8,'2010-08-10','GC0011','D1008013');
insert into t_cust_order(po_no,SHORT_NAME, c_code,order_time,first_create_time,create_time) values('DJ0719GLE','东佳实业','GC0105', now(), now(), now());
insert into t_cust_order_detail(c_code, SHORT_NAME, po_no, staff_id,sales_id, c_part_no, part_no, pn_desc, comm_desc, spec_desc, amount, c_price, money, org_delivery_date,vendor_code,ORDERAMOUNT,RLT_ORDER_PO_NO)  values('GC0105', '东佳实业', 'DJ0719GLE','','','ELJPA220KF','ELJPA220KF-G','3225 22UH +/-10%低内阻',null,'',2000,.18,360,'2010-07-25','GV0001', 2000,'KCKX');
insert into t_vendor_order_detail(c_code, SHORT_NAME, po_no, staff_id,staff_name,SETTLEMENT_TYPE,PO_NO_TYPE, c_part_no, part_no, pn_desc, comm_desc, spec_desc, amount, c_price, money, org_delivery_date,CUST_C_CODE,RLT_ORDER_PO_NO)  values('GV0001', '科翔兴', 'KCKX','','','','0','ELJPA220KF','ELJPA220KF-G','3225 22UH +/-10%低内阻',null,'',2000,0,0,'2010-08-10','GC0105','DJ0719GLE');
insert into t_cust_order(po_no,SHORT_NAME, c_code,order_time,first_create_time,create_time) values('GH20100126','创达盛','GC0085', now(), now(), now());
insert into t_cust_order_detail(c_code, SHORT_NAME, po_no, staff_id,sales_id, c_part_no, part_no, pn_desc, comm_desc, spec_desc, amount, c_price, money, org_delivery_date,vendor_code,ORDERAMOUNT,RLT_ORDER_PO_NO)  values('GC0085', '创达盛', 'GH20100126','','','ELJPA101KF','ELJPA101KF-G','3225 100UH +/-10% 低内阻',null,'',44000,.17,7480,'2010-08-09','GV0001', 44000,'KCKX');
insert into t_vendor_order_detail(c_code, SHORT_NAME, po_no, staff_id,staff_name,SETTLEMENT_TYPE,PO_NO_TYPE, c_part_no, part_no, pn_desc, comm_desc, spec_desc, amount, c_price, money, org_delivery_date,CUST_C_CODE,RLT_ORDER_PO_NO)  values('GV0001', '科翔兴', 'KCKX','','','','0','ELJPA101KF','ELJPA101KF-G','3225 100UH +/-10% 低内阻',null,'',44000,.0192,844.8,'2010-08-10','GC0085','GH20100126');
insert into t_cust_order(po_no,SHORT_NAME, c_code,order_time,first_create_time,create_time) values('GH20100248','罡扇广联','GC0014', now(), now(), now());
insert into t_cust_order_detail(c_code, SHORT_NAME, po_no, staff_id,sales_id, c_part_no, part_no, pn_desc, comm_desc, spec_desc, amount, c_price, money, org_delivery_date,vendor_code,ORDERAMOUNT,RLT_ORDER_PO_NO)  values('GC0014', '罡扇广联', 'GH20100248','','','2520 68UH','ELJFC680JF-G','2520 68UH +/-5%',null,'',2000,.16,320,'2010-08-10','GV0001', 2000,'KCKX');
insert into t_vendor_order_detail(c_code, SHORT_NAME, po_no, staff_id,staff_name,SETTLEMENT_TYPE,PO_NO_TYPE, c_part_no, part_no, pn_desc, comm_desc, spec_desc, amount, c_price, money, org_delivery_date,CUST_C_CODE,RLT_ORDER_PO_NO)  values('GV0001', '科翔兴', 'KCKX','','','','0','ELJFC680JF','ELJFC680JF-G','2520 68UH +/-5%',null,'',2000,.0192,38.4,'2010-08-10','GC0014','GH20100248');
insert into t_cust_order_detail(c_code, SHORT_NAME, po_no, staff_id,sales_id, c_part_no, part_no, pn_desc, comm_desc, spec_desc, amount, c_price, money, org_delivery_date,vendor_code,ORDERAMOUNT,RLT_ORDER_PO_NO)  values('GC0014', '罡扇广联', 'GH20100248','','','3225 22UH','ELJFA220JF-G','3225 22UH +/-5%',null,'',4000,.16,640,'2010-08-10','GV0001', 4000,'KCKX');
insert into t_vendor_order_detail(c_code, SHORT_NAME, po_no, staff_id,staff_name,SETTLEMENT_TYPE,PO_NO_TYPE, c_part_no, part_no, pn_desc, comm_desc, spec_desc, amount, c_price, money, org_delivery_date,CUST_C_CODE,RLT_ORDER_PO_NO)  values('GV0001', '科翔兴', 'KCKX','','','','0','ELJFA220JF','ELJFA220JF-G','3225 22UH +/-5%',null,'',4000,.0192,76.8,'2010-08-15','GC0014','GH20100248');
insert into t_cust_order_detail(c_code, SHORT_NAME, po_no, staff_id,sales_id, c_part_no, part_no, pn_desc, comm_desc, spec_desc, amount, c_price, money, org_delivery_date,vendor_code,ORDERAMOUNT,RLT_ORDER_PO_NO)  values('GC0014', '罡扇广联', 'GH20100248','','','3225 68UH','ELJFA680JF-G','3225 68UH +/-5%',null,'',2000,.16,320,'2010-08-10','GV0001', 2000,'KCKX');
insert into t_vendor_order_detail(c_code, SHORT_NAME, po_no, staff_id,staff_name,SETTLEMENT_TYPE,PO_NO_TYPE, c_part_no, part_no, pn_desc, comm_desc, spec_desc, amount, c_price, money, org_delivery_date,CUST_C_CODE,RLT_ORDER_PO_NO)  values('GV0001', '科翔兴', 'KCKX','','','','0','ELJFA680JF','ELJFA680JF-G','3225 68UH +/-5%',null,'',2000,.0192,38.4,'2010-08-10','GC0014','GH20100248');
insert into t_cust_order(po_no,SHORT_NAME, c_code,order_time,first_create_time,create_time) values('PO1005-055','喜恩碧','GC0006', now(), now(), now());
insert into t_cust_order_detail(c_code, SHORT_NAME, po_no, staff_id,sales_id, c_part_no, part_no, pn_desc, comm_desc, spec_desc, amount, c_price, money, org_delivery_date,vendor_code,ORDERAMOUNT,RLT_ORDER_PO_NO)  values('GC0006', '喜恩碧', 'PO1005-055','','','LC00047CK1','ELJFC470KF-G','松下 47UH 2520',null,'',16000,.21067371,3370.77936,'2010-06-15','GV0001', 16000,'KCKX');
insert into t_vendor_order_detail(c_code, SHORT_NAME, po_no, staff_id,staff_name,SETTLEMENT_TYPE,PO_NO_TYPE, c_part_no, part_no, pn_desc, comm_desc, spec_desc, amount, c_price, money, org_delivery_date,CUST_C_CODE,RLT_ORDER_PO_NO)  values('GV0001', '科翔兴', 'KCKX','','','','0','ELJFC470KF','ELJFC470KF-G','松下 47UH 2520',null,'',16000,.0192,307.2,'2010-08-10','GC0006','PO1005-055');
insert into t_cust_order(po_no,SHORT_NAME, c_code,order_time,first_create_time,create_time) values('PO1006-201','喜恩碧','GC0006', now(), now(), now());
insert into t_cust_order_detail(c_code, SHORT_NAME, po_no, staff_id,sales_id, c_part_no, part_no, pn_desc, comm_desc, spec_desc, amount, c_price, money, org_delivery_date,vendor_code,ORDERAMOUNT,RLT_ORDER_PO_NO)  values('GC0006', '喜恩碧', 'PO1006-201','','','LC004R7CJ1','ELJFC4R7JF-G','2520 4.7UH +/-5%',null,'',4000,.21067371,842.69484,'2010-08-05','GV0001', 4000,'KCKX');
insert into t_vendor_order_detail(c_code, SHORT_NAME, po_no, staff_id,staff_name,SETTLEMENT_TYPE,PO_NO_TYPE, c_part_no, part_no, pn_desc, comm_desc, spec_desc, amount, c_price, money, org_delivery_date,CUST_C_CODE,RLT_ORDER_PO_NO)  values('GV0001', '科翔兴', 'KCKX','','','','0','ELJFC4R7JF','ELJFC4R7JF-G','2520 4.7UH +/-5%',null,'',4000,.0192,76.8,'2010-08-10','GC0006','PO1006-201');
insert into t_cust_order(po_no,SHORT_NAME, c_code,order_time,first_create_time,create_time) values('PO10062808','富视安','GC0070', now(), now(), now());
insert into t_cust_order_detail(c_code, SHORT_NAME, po_no, staff_id,sales_id, c_part_no, part_no, pn_desc, comm_desc, spec_desc, amount, c_price, money, org_delivery_date,vendor_code,ORDERAMOUNT,RLT_ORDER_PO_NO)  values('GC0070', '富视安', 'PO10062808','','','09-52-R24707','ELJFC470JF-G','2520 47UH +/-5%',null,'',2000,.19,380,'2010-06-30','GV0001', 2000,'KCKX');
insert into t_vendor_order_detail(c_code, SHORT_NAME, po_no, staff_id,staff_name,SETTLEMENT_TYPE,PO_NO_TYPE, c_part_no, part_no, pn_desc, comm_desc, spec_desc, amount, c_price, money, org_delivery_date,CUST_C_CODE,RLT_ORDER_PO_NO)  values('GV0001', '科翔兴', 'KCKX','','','','0','ELJFC470JF','ELJFC470JF-G','2520 47UH +/-5%',null,'',2000,.0192,38.4,'2010-08-10','GC0070','PO10062808');
insert into t_cust_order(po_no,SHORT_NAME, c_code,order_time,first_create_time,create_time) values('PO1007-044','喜恩碧','GC0006', now(), now(), now());
insert into t_cust_order_detail(c_code, SHORT_NAME, po_no, staff_id,sales_id, c_part_no, part_no, pn_desc, comm_desc, spec_desc, amount, c_price, money, org_delivery_date,vendor_code,ORDERAMOUNT,RLT_ORDER_PO_NO)  values('GC0006', '喜恩碧', 'PO1007-044','','','LC00100CK1','ELJFC101KF-G','2520 100UH +/-10%',null,'',10000,.21067371,2106.7371,'2010-08-22','GV0001', 10000,'KCKX');
insert into t_vendor_order_detail(c_code, SHORT_NAME, po_no, staff_id,staff_name,SETTLEMENT_TYPE,PO_NO_TYPE, c_part_no, part_no, pn_desc, comm_desc, spec_desc, amount, c_price, money, org_delivery_date,CUST_C_CODE,RLT_ORDER_PO_NO)  values('GV0001', '科翔兴', 'KCKX','','','','0','ELJFC101KF','ELJFC101KF-G','2520 100UH +/-10%',null,'',10000,.0192,192,'2010-08-08','GC0006','PO1007-044');
insert into t_cust_order(po_no,SHORT_NAME, c_code,order_time,first_create_time,create_time) values('PO10072208','富视安','GC0070', now(), now(), now());
insert into t_cust_order_detail(c_code, SHORT_NAME, po_no, staff_id,sales_id, c_part_no, part_no, pn_desc, comm_desc, spec_desc, amount, c_price, money, org_delivery_date,vendor_code,ORDERAMOUNT,RLT_ORDER_PO_NO)  values('GC0070', '富视安', 'PO10072208','','','09-53-R22206','ELJPA220KF-G','3225 22UH +/-10%低内阻',null,'',2000,.19,380,'2010-07-23','GV0001', 2000,'KCKX');
insert into t_vendor_order_detail(c_code, SHORT_NAME, po_no, staff_id,staff_name,SETTLEMENT_TYPE,PO_NO_TYPE, c_part_no, part_no, pn_desc, comm_desc, spec_desc, amount, c_price, money, org_delivery_date,CUST_C_CODE,RLT_ORDER_PO_NO)  values('GV0001', '科翔兴', 'KCKX','','','','0','ELJPA220KF','ELJPA220KF-G','3225 22UH +/-10%低内阻',null,'',2000,.0192,38.4,'2010-08-10','GC0070','PO10072208');
insert into t_cust_order(po_no,SHORT_NAME, c_code,order_time,first_create_time,create_time) values('YX10063003','昱鑫共创','GC0083', now(), now(), now());
insert into t_cust_order_detail(c_code, SHORT_NAME, po_no, staff_id,sales_id, c_part_no, part_no, pn_desc, comm_desc, spec_desc, amount, c_price, money, org_delivery_date,vendor_code,ORDERAMOUNT,RLT_ORDER_PO_NO)  values('GC0083', '昱鑫共创', 'YX10063003','','','220K 3225','ELJPA220KF-G','3225 22UH +/-10%低内阻',null,'',50000,.18,9000,'2010-07-02','GV0001', 50000,'KCKX');
insert into t_vendor_order_detail(c_code, SHORT_NAME, po_no, staff_id,staff_name,SETTLEMENT_TYPE,PO_NO_TYPE, c_part_no, part_no, pn_desc, comm_desc, spec_desc, amount, c_price, money, org_delivery_date,CUST_C_CODE,RLT_ORDER_PO_NO)  values('GV0001', '科翔兴', 'KCKX','','','','0','ELJPA220KF','ELJPA220KF-G','3225 22UH +/-10%低内阻',null,'',50000,.0192,960,'2010-08-15','GC0083','YX10063003');
insert into t_cust_order(po_no,SHORT_NAME, c_code,order_time,first_create_time,create_time) values('4502969656','荣文灯饰','GC0103', now(), now(), now());
insert into t_cust_order_detail(c_code, SHORT_NAME, po_no, staff_id,sales_id, c_part_no, part_no, pn_desc, comm_desc, spec_desc, amount, c_price, money, org_delivery_date,vendor_code,ORDERAMOUNT,RLT_ORDER_PO_NO)  values('GC0103', '荣文灯饰', '4502969656','','','JR-0002','FCR 6.0M5','TDK 陶瓷振荡器 RESONATOR 6.000MHz FCR 6.0M5',null,'',3000,.0511,153.3,'2010-08-12','GV0018', 3000,'KCTH');
insert into t_vendor_order(po_no,SHORT_NAME, c_code,order_time,create_time) values('KCTH','天河','GV0018', now(), now());
insert into t_vendor_order_detail(c_code, SHORT_NAME, po_no, staff_id,staff_name,SETTLEMENT_TYPE,PO_NO_TYPE, c_part_no, part_no, pn_desc, comm_desc, spec_desc, amount, c_price, money, org_delivery_date,CUST_C_CODE,RLT_ORDER_PO_NO)  values('GV0018', '天河', 'KCTH','','','','0','FCR 6.0M5','FCR 6.0M5','TDK 陶瓷振荡器 RESONATOR 6.000MHz FCR 6.0M5',null,'',3000,.256,768,'2010-08-19','GC0103','4502969656');
insert into t_cust_order(po_no,SHORT_NAME, c_code,order_time,first_create_time,create_time) values('4503003914','荣文灯饰','GC0103', now(), now(), now());
insert into t_cust_order_detail(c_code, SHORT_NAME, po_no, staff_id,sales_id, c_part_no, part_no, pn_desc, comm_desc, spec_desc, amount, c_price, money, org_delivery_date,vendor_code,ORDERAMOUNT,RLT_ORDER_PO_NO)  values('GC0103', '荣文灯饰', '4503003914','','','L01-0003','NLCV32T-100K-PF','3225 10UH +/-10%',null,'旧型号：6979-1006',2000,.0467,93.4,'2010-08-10','GV0018', 2000,'KCTH');
insert into t_vendor_order_detail(c_code, SHORT_NAME, po_no, staff_id,staff_name,SETTLEMENT_TYPE,PO_NO_TYPE, c_part_no, part_no, pn_desc, comm_desc, spec_desc, amount, c_price, money, org_delivery_date,CUST_C_CODE,RLT_ORDER_PO_NO)  values('GV0018', '天河', 'KCTH','','','','0','NLCV32T-100K-PF','NLCV32T-100K-PF','3225 10UH +/-10%',null,'旧型号：6979-1006',2000,.171,342,'2010-08-02','GC0103','4503003914');
insert into t_cust_order(po_no,SHORT_NAME, c_code,order_time,first_create_time,create_time) values('PG4907','建恩','GC0069', now(), now(), now());
insert into t_cust_order_detail(c_code, SHORT_NAME, po_no, staff_id,sales_id, c_part_no, part_no, pn_desc, comm_desc, spec_desc, amount, c_price, money, org_delivery_date,vendor_code,ORDERAMOUNT,RLT_ORDER_PO_NO)  values('GC0069', '建恩', 'PG4907','','','107E-0547-03-L','#A997AS-4R7M','4.7UH TOKO',null,'',2000,1.4625,2925,'2010-09-21','GV0028', 2000,'KCTOKORMB');
insert into t_vendor_order(po_no,SHORT_NAME, c_code,order_time,create_time) values('KCTOKORMB','华龙东光RMB','GV0028', now(), now());
insert into t_vendor_order_detail(c_code, SHORT_NAME, po_no, staff_id,staff_name,SETTLEMENT_TYPE,PO_NO_TYPE, c_part_no, part_no, pn_desc, comm_desc, spec_desc, amount, c_price, money, org_delivery_date,CUST_C_CODE,RLT_ORDER_PO_NO)  values('GV0028', '华龙东光RMB', 'KCTOKORMB','','','','0','#A997AS-4R7M','#A997AS-4R7M','4.7UH TOKO',null,'',2000,.76,1520,'2010-08-08','GC0069','PG4907');
insert into t_cust_order(po_no,SHORT_NAME, c_code,order_time,first_create_time,create_time) values('100707002','科翔','GC0115', now(), now(), now());
insert into t_cust_order_detail(c_code, SHORT_NAME, po_no, staff_id,sales_id, c_part_no, part_no, pn_desc, comm_desc, spec_desc, amount, c_price, money, org_delivery_date,vendor_code,ORDERAMOUNT,RLT_ORDER_PO_NO)  values('GC0115', '科翔', '100707002','','','ELJFC100KF','ELJFC100KF-G','2520 10UH +/-10%',null,'',88000,.01932,1700.16,'2010-08-28','GV0001', 88000,'O10031938RVE.01');
insert into t_vendor_order(po_no,SHORT_NAME, c_code,order_time,create_time) values('O10031938RVE.01','科翔兴','GV0001', now(), now());
insert into t_vendor_order_detail(c_code, SHORT_NAME, po_no, staff_id,staff_name,SETTLEMENT_TYPE,PO_NO_TYPE, c_part_no, part_no, pn_desc, comm_desc, spec_desc, amount, c_price, money, org_delivery_date,CUST_C_CODE,RLT_ORDER_PO_NO)  values('GV0001', '科翔兴', 'O10031938RVE.01','','','','0','ELJFC100KF','ELJFC100KF-G','2520 10UH +/-10%',null,'',88000,.0192,1689.6,'2010-08-10','GC0115','100707002');
insert into t_cust_order(po_no,SHORT_NAME, c_code,order_time,first_create_time,create_time) values('1003225','创力仕实业','GC0013', now(), now(), now());
insert into t_cust_order_detail(c_code, SHORT_NAME, po_no, staff_id,sales_id, c_part_no, part_no, pn_desc, comm_desc, spec_desc, amount, c_price, money, org_delivery_date,vendor_code,ORDERAMOUNT,RLT_ORDER_PO_NO)  values('GC0013', '创力仕实业', '1003225','','','FSMR-ELJFC4R7K-P','ELJFC4R7KF-G','2520 4.7UH +/-10%',null,'',124000,.28,34720,'2010-08-02','GV0001', 124000,'P09021122');
insert into t_vendor_order(po_no,SHORT_NAME, c_code,order_time,create_time) values('P09021122','科翔兴','GV0001', now(), now());
insert into t_vendor_order_detail(c_code, SHORT_NAME, po_no, staff_id,staff_name,SETTLEMENT_TYPE,PO_NO_TYPE, c_part_no, part_no, pn_desc, comm_desc, spec_desc, amount, c_price, money, org_delivery_date,CUST_C_CODE,RLT_ORDER_PO_NO)  values('GV0001', '科翔兴', 'P09021122','','','','0','ELJFC4R7KF','ELJFC4R7KF-G','2520 4.7UH +/-10%',null,'',124000,.0192,2380.8,'2010-08-15','GC0013','1003225');
insert into t_cust_order_detail(c_code, SHORT_NAME, po_no, staff_id,sales_id, c_part_no, part_no, pn_desc, comm_desc, spec_desc, amount, c_price, money, org_delivery_date,vendor_code,ORDERAMOUNT,RLT_ORDER_PO_NO)  values('GC0013', '创力仕实业', '1003225','','','FSMR-ELJFC4R7K-P','ELJFC4R7KF-G','2520 4.7UH +/-10%',null,'',144000,.28,40320,'2010-09-01','GV0001', 144000,'P09021122');
insert into t_vendor_order_detail(c_code, SHORT_NAME, po_no, staff_id,staff_name,SETTLEMENT_TYPE,PO_NO_TYPE, c_part_no, part_no, pn_desc, comm_desc, spec_desc, amount, c_price, money, org_delivery_date,CUST_C_CODE,RLT_ORDER_PO_NO)  values('GV0001', '科翔兴', 'P09021122','','','','0','ELJFC4R7KF','ELJFC4R7KF-G','2520 4.7UH +/-10%',null,'',144000,.0192,2764.8,'2010-08-15','GC0013','1003225');
insert into t_cust_order_detail(c_code, SHORT_NAME, po_no, staff_id,sales_id, c_part_no, part_no, pn_desc, comm_desc, spec_desc, amount, c_price, money, org_delivery_date,vendor_code,ORDERAMOUNT,RLT_ORDER_PO_NO)  values('GC0013', '创力仕实业', '1003225','','','FSMR-DLW21SN181S','DLW21SN181SQ2L','0805 180 OHM',null,'旧型号：6978-5915',126000,.77,97020,'2010-08-02','GV0012', 126000,'P09021173');
insert into t_vendor_order(po_no,SHORT_NAME, c_code,order_time,create_time) values('P09021173','威雅利','GV0012', now(), now());
insert into t_vendor_order_detail(c_code, SHORT_NAME, po_no, staff_id,staff_name,SETTLEMENT_TYPE,PO_NO_TYPE, c_part_no, part_no, pn_desc, comm_desc, spec_desc, amount, c_price, money, org_delivery_date,CUST_C_CODE,RLT_ORDER_PO_NO)  values('GV0012', '威雅利', 'P09021173','','','','0','DLW21SN181SQ2L','DLW21SN181SQ2L','0805 180 OHM',null,'旧型号：6978-5915',126000,.07,8820,'2010-06-01','GC0013','1003225');
insert into t_cust_order(po_no,SHORT_NAME, c_code,order_time,first_create_time,create_time) values('11003311804','东日信博','GC0012', now(), now(), now());
insert into t_cust_order_detail(c_code, SHORT_NAME, po_no, staff_id,sales_id, c_part_no, part_no, pn_desc, comm_desc, spec_desc, amount, c_price, money, org_delivery_date,vendor_code,ORDERAMOUNT,RLT_ORDER_PO_NO)  values('GC0012', '东日信博', '11003311804','','','3225-47UH','GCD3225-470M-D','3225 47UH +/-20% 点胶',null,'',200000,.24,48000,'2010-08-10','GV0006', 200000,'P10030471');
insert into t_vendor_order(po_no,SHORT_NAME, c_code,order_time,create_time) values('P10030471','海瑞达','GV0006', now(), now());
insert into t_vendor_order_detail(c_code, SHORT_NAME, po_no, staff_id,staff_name,SETTLEMENT_TYPE,PO_NO_TYPE, c_part_no, part_no, pn_desc, comm_desc, spec_desc, amount, c_price, money, org_delivery_date,CUST_C_CODE,RLT_ORDER_PO_NO)  values('GV0006', '海瑞达', 'P10030471','','','','0','HSM322520-470M','GCD3225-470M-D','3225 47UH +/-20% 点胶',null,'',200000,.19,38000,'2010-08-10','GC0012','11003311804');
insert into t_cust_order_detail(c_code, SHORT_NAME, po_no, staff_id,sales_id, c_part_no, part_no, pn_desc, comm_desc, spec_desc, amount, c_price, money, org_delivery_date,vendor_code,ORDERAMOUNT,RLT_ORDER_PO_NO)  values('GC0012', '东日信博', '11003311804','','','3225-22UH','GCD3225-220M-D','3225 22UH +/-20% 点胶',null,'',198000,.24,47520,'2010-08-10','GV0006', 198000,'P10030471');
insert into t_vendor_order_detail(c_code, SHORT_NAME, po_no, staff_id,staff_name,SETTLEMENT_TYPE,PO_NO_TYPE, c_part_no, part_no, pn_desc, comm_desc, spec_desc, amount, c_price, money, org_delivery_date,CUST_C_CODE,RLT_ORDER_PO_NO)  values('GV0006', '海瑞达', 'P10030471','','','','0','HSM322520-220M','GCD3225-220M-D','3225 22UH +/-20% 点胶',null,'',198000,.19,37620,'2010-08-15','GC0012','11003311804');
insert into t_cust_order_detail(c_code, SHORT_NAME, po_no, staff_id,sales_id, c_part_no, part_no, pn_desc, comm_desc, spec_desc, amount, c_price, money, org_delivery_date,vendor_code,ORDERAMOUNT,RLT_ORDER_PO_NO)  values('GC0013', '创力仕实业', '1003225','','','FSMR-FSLM25201R0K','#FSLM2520-1R0J=P2','TOKO',null,'',120000,.485,58200,'2010-08-02','GV0003', 120000,'P10030497');
insert into t_vendor_order(po_no,SHORT_NAME, c_code,order_time,create_time) values('P10030497','华龙东光','GV0003', now(), now());
insert into t_vendor_order_detail(c_code, SHORT_NAME, po_no, staff_id,staff_name,SETTLEMENT_TYPE,PO_NO_TYPE, c_part_no, part_no, pn_desc, comm_desc, spec_desc, amount, c_price, money, org_delivery_date,CUST_C_CODE,RLT_ORDER_PO_NO)  values('GV0003', '华龙东光', 'P10030497','','','','0','#FSLM2520-1R0J=P2','#FSLM2520-1R0J=P2','TOKO',null,'',120000,.028,3360,'2010-08-02','GC0013','1003225');
insert into t_cust_order_detail(c_code, SHORT_NAME, po_no, staff_id,sales_id, c_part_no, part_no, pn_desc, comm_desc, spec_desc, amount, c_price, money, org_delivery_date,vendor_code,ORDERAMOUNT,RLT_ORDER_PO_NO)  values('GC0013', '创力仕实业', '1003225','','','FSMR-FSLM25201R0K','#FSLM2520-1R0J=P2','TOKO',null,'',146000,.485,70810,'2010-09-01','GV0003', 146000,'P10030497');
insert into t_vendor_order_detail(c_code, SHORT_NAME, po_no, staff_id,staff_name,SETTLEMENT_TYPE,PO_NO_TYPE, c_part_no, part_no, pn_desc, comm_desc, spec_desc, amount, c_price, money, org_delivery_date,CUST_C_CODE,RLT_ORDER_PO_NO)  values('GV0003', '华龙东光', 'P10030497','','','','0','#FSLM2520-1R0J=P2','#FSLM2520-1R0J=P2','TOKO',null,'',146000,.028,4088,'2010-09-01','GC0013','1003225');
insert into t_cust_order_detail(c_code, SHORT_NAME, po_no, staff_id,sales_id, c_part_no, part_no, pn_desc, comm_desc, spec_desc, amount, c_price, money, org_delivery_date,vendor_code,ORDERAMOUNT,RLT_ORDER_PO_NO)  values('GC0013', '创力仕实业', '1003225','','','FSMR-FSLM25201R0K','#FSLM2520-1R0J=P2','TOKO',null,'',154000,.485,74690,'2010-10-04','GV0003', 154000,'P10030497');
insert into t_vendor_order_detail(c_code, SHORT_NAME, po_no, staff_id,staff_name,SETTLEMENT_TYPE,PO_NO_TYPE, c_part_no, part_no, pn_desc, comm_desc, spec_desc, amount, c_price, money, org_delivery_date,CUST_C_CODE,RLT_ORDER_PO_NO)  values('GV0003', '华龙东光', 'P10030497','','','','0','#FSLM2520-1R0J=P2','#FSLM2520-1R0J=P2','TOKO',null,'',154000,.028,4312,'2010-10-04','GC0013','1003225');
insert into t_cust_order_detail(c_code, SHORT_NAME, po_no, staff_id,sales_id, c_part_no, part_no, pn_desc, comm_desc, spec_desc, amount, c_price, money, org_delivery_date,vendor_code,ORDERAMOUNT,RLT_ORDER_PO_NO)  values('GC0013', '创力仕实业', '1003225','','','FSMR-FSLM25201R0K','#FSLM2520-1R0J=P2','TOKO',null,'',76000,.485,36860,'2010-11-01','GV0003', 76000,'P10030497');
insert into t_vendor_order_detail(c_code, SHORT_NAME, po_no, staff_id,staff_name,SETTLEMENT_TYPE,PO_NO_TYPE, c_part_no, part_no, pn_desc, comm_desc, spec_desc, amount, c_price, money, org_delivery_date,CUST_C_CODE,RLT_ORDER_PO_NO)  values('GV0003', '华龙东光', 'P10030497','','','','0','#FSLM2520-1R0J=P2','#FSLM2520-1R0J=P2','TOKO',null,'',76000,.028,2128,'2010-11-01','GC0013','1003225');
insert into t_cust_order_detail(c_code, SHORT_NAME, po_no, staff_id,sales_id, c_part_no, part_no, pn_desc, comm_desc, spec_desc, amount, c_price, money, org_delivery_date,vendor_code,ORDERAMOUNT,RLT_ORDER_PO_NO)  values('GC0013', '创力仕实业', '1003225','','','FSMR-FSLM25202R7J','#FSLM2520-2R7J=P2','TOKO',null,'',120000,.31,37200,'2010-08-02','GV0003', 120000,'P10030497');
insert into t_vendor_order_detail(c_code, SHORT_NAME, po_no, staff_id,staff_name,SETTLEMENT_TYPE,PO_NO_TYPE, c_part_no, part_no, pn_desc, comm_desc, spec_desc, amount, c_price, money, org_delivery_date,CUST_C_CODE,RLT_ORDER_PO_NO)  values('GV0003', '华龙东光', 'P10030497','','','','0','#FSLM2520-2R7J=P2','#FSLM2520-2R7J=P2','TOKO',null,'',120000,.028,3360,'2010-08-02','GC0013','1003225');
insert into t_cust_order_detail(c_code, SHORT_NAME, po_no, staff_id,sales_id, c_part_no, part_no, pn_desc, comm_desc, spec_desc, amount, c_price, money, org_delivery_date,vendor_code,ORDERAMOUNT,RLT_ORDER_PO_NO)  values('GC0013', '创力仕实业', '1003225','','','FSMR-FSLM25202R7J','#FSLM2520-2R7J=P2','TOKO',null,'',146000,.31,45260,'2010-09-01','GV0003', 146000,'P10030497');
insert into t_vendor_order_detail(c_code, SHORT_NAME, po_no, staff_id,staff_name,SETTLEMENT_TYPE,PO_NO_TYPE, c_part_no, part_no, pn_desc, comm_desc, spec_desc, amount, c_price, money, org_delivery_date,CUST_C_CODE,RLT_ORDER_PO_NO)  values('GV0003', '华龙东光', 'P10030497','','','','0','#FSLM2520-2R7J=P2','#FSLM2520-2R7J=P2','TOKO',null,'',146000,.028,4088,'2010-09-01','GC0013','1003225');
insert into t_cust_order_detail(c_code, SHORT_NAME, po_no, staff_id,sales_id, c_part_no, part_no, pn_desc, comm_desc, spec_desc, amount, c_price, money, org_delivery_date,vendor_code,ORDERAMOUNT,RLT_ORDER_PO_NO)  values('GC0013', '创力仕实业', '1003225','','','FSMR-FSLM25202R7J','#FSLM2520-2R7J=P2','TOKO',null,'',152000,.31,47120,'2010-10-04','GV0003', 152000,'P10030497');
insert into t_vendor_order_detail(c_code, SHORT_NAME, po_no, staff_id,staff_name,SETTLEMENT_TYPE,PO_NO_TYPE, c_part_no, part_no, pn_desc, comm_desc, spec_desc, amount, c_price, money, org_delivery_date,CUST_C_CODE,RLT_ORDER_PO_NO)  values('GV0003', '华龙东光', 'P10030497','','','','0','#FSLM2520-2R7J=P2','#FSLM2520-2R7J=P2','TOKO',null,'',152000,.028,4256,'2010-10-04','GC0013','1003225');
insert into t_cust_order_detail(c_code, SHORT_NAME, po_no, staff_id,sales_id, c_part_no, part_no, pn_desc, comm_desc, spec_desc, amount, c_price, money, org_delivery_date,vendor_code,ORDERAMOUNT,RLT_ORDER_PO_NO)  values('GC0013', '创力仕实业', '1003225','','','FSMR-FSLM25202R7J','#FSLM2520-2R7J=P2','TOKO',null,'',78000,.31,24180,'2010-11-01','GV0003', 78000,'P10030497');
insert into t_vendor_order_detail(c_code, SHORT_NAME, po_no, staff_id,staff_name,SETTLEMENT_TYPE,PO_NO_TYPE, c_part_no, part_no, pn_desc, comm_desc, spec_desc, amount, c_price, money, org_delivery_date,CUST_C_CODE,RLT_ORDER_PO_NO)  values('GV0003', '华龙东光', 'P10030497','','','','0','#FSLM2520-2R7J=P2','#FSLM2520-2R7J=P2','TOKO',null,'',78000,.028,2184,'2010-11-01','GC0013','1003225');
insert into t_cust_order_detail(c_code, SHORT_NAME, po_no, staff_id,sales_id, c_part_no, part_no, pn_desc, comm_desc, spec_desc, amount, c_price, money, org_delivery_date,vendor_code,ORDERAMOUNT,RLT_ORDER_PO_NO)  values('GC0013', '创力仕实业', '1003225','','','FSMR-LLQ1608FR33J','LLQ1608-FR33J','要求和TOKO P/N:LLQ1608-FR33J电气性能一致,包装及编带和TOKO LLQ1608系列一致',null,'',249000,.535,133215,'2010-08-02','GV0011', 249000,'P10030502');
insert into t_vendor_order(po_no,SHORT_NAME, c_code,order_time,create_time) values('P10030502','高雅','GV0011', now(), now());
insert into t_vendor_order_detail(c_code, SHORT_NAME, po_no, staff_id,staff_name,SETTLEMENT_TYPE,PO_NO_TYPE, c_part_no, part_no, pn_desc, comm_desc, spec_desc, amount, c_price, money, org_delivery_date,CUST_C_CODE,RLT_ORDER_PO_NO)  values('GV0011', '高雅', 'P10030502','','','','0','CCFH0603CR33J','LLQ1608-FR33J','0603绕线电感 330NH 5% 电气性能、包装及编带和TOKO P/N:LLQ1608-FR33J一致',null,'',249000,.025,6225,'2010-08-02','GC0013','1003225');
insert into t_cust_order_detail(c_code, SHORT_NAME, po_no, staff_id,sales_id, c_part_no, part_no, pn_desc, comm_desc, spec_desc, amount, c_price, money, org_delivery_date,vendor_code,ORDERAMOUNT,RLT_ORDER_PO_NO)  values('GC0013', '创力仕实业', '1003225','','','FSMR-LLQ1608FR33J','LLQ1608-FR33J','要求和TOKO P/N:LLQ1608-FR33J电气性能一致,包装及编带和TOKO LLQ1608系列一致',null,'',291000,.535,155685,'2010-09-01','GV0011', 291000,'P10030502');
insert into t_vendor_order_detail(c_code, SHORT_NAME, po_no, staff_id,staff_name,SETTLEMENT_TYPE,PO_NO_TYPE, c_part_no, part_no, pn_desc, comm_desc, spec_desc, amount, c_price, money, org_delivery_date,CUST_C_CODE,RLT_ORDER_PO_NO)  values('GV0011', '高雅', 'P10030502','','','','0','CCFH0603CR33J','LLQ1608-FR33J','0603绕线电感 330NH 5% 电气性能、包装及编带和TOKO P/N:LLQ1608-FR33J一致',null,'',291000,.025,7275,'2010-09-01','GC0013','1003225');
insert into t_cust_order_detail(c_code, SHORT_NAME, po_no, staff_id,sales_id, c_part_no, part_no, pn_desc, comm_desc, spec_desc, amount, c_price, money, org_delivery_date,vendor_code,ORDERAMOUNT,RLT_ORDER_PO_NO)  values('GC0013', '创力仕实业', '1003225','','','FSMR-LLQ1608FR33J','LLQ1608-FR33J','要求和TOKO P/N:LLQ1608-FR33J电气性能一致,包装及编带和TOKO LLQ1608系列一致',null,'',306000,.535,163710,'2010-10-04','GV0011', 306000,'P10030502');
insert into t_vendor_order_detail(c_code, SHORT_NAME, po_no, staff_id,staff_name,SETTLEMENT_TYPE,PO_NO_TYPE, c_part_no, part_no, pn_desc, comm_desc, spec_desc, amount, c_price, money, org_delivery_date,CUST_C_CODE,RLT_ORDER_PO_NO)  values('GV0011', '高雅', 'P10030502','','','','0','CCFH0603CR33J','LLQ1608-FR33J','0603绕线电感 330NH 5% 电气性能、包装及编带和TOKO P/N:LLQ1608-FR33J一致',null,'',306000,.025,7650,'2010-10-04','GC0013','1003225');
insert into t_cust_order_detail(c_code, SHORT_NAME, po_no, staff_id,sales_id, c_part_no, part_no, pn_desc, comm_desc, spec_desc, amount, c_price, money, org_delivery_date,vendor_code,ORDERAMOUNT,RLT_ORDER_PO_NO)  values('GC0013', '创力仕实业', '1003225','','','FSMR-LLQ1608FR33J','LLQ1608-FR33J','要求和TOKO P/N:LLQ1608-FR33J电气性能一致,包装及编带和TOKO LLQ1608系列一致',null,'',153000,.535,81855,'2010-11-01','GV0011', 153000,'P10030502');
insert into t_vendor_order_detail(c_code, SHORT_NAME, po_no, staff_id,staff_name,SETTLEMENT_TYPE,PO_NO_TYPE, c_part_no, part_no, pn_desc, comm_desc, spec_desc, amount, c_price, money, org_delivery_date,CUST_C_CODE,RLT_ORDER_PO_NO)  values('GV0011', '高雅', 'P10030502','','','','0','CCFH0603CR33J','LLQ1608-FR33J','0603绕线电感 330NH 5% 电气性能、包装及编带和TOKO P/N:LLQ1608-FR33J一致',null,'',153000,.025,3825,'2010-11-01','GC0013','1003225');
insert into t_cust_order_detail(c_code, SHORT_NAME, po_no, staff_id,sales_id, c_part_no, part_no, pn_desc, comm_desc, spec_desc, amount, c_price, money, org_delivery_date,vendor_code,ORDERAMOUNT,RLT_ORDER_PO_NO)  values('GC0013', '创力仕实业', '1003225','','','FSMR-ELJFC4R7K-P','ELJFC4R7KF-G','2520 4.7UH +/-10%',null,'',152000,.28,42560,'2010-10-04','GV0001', 152000,'P10030561');
insert into t_vendor_order(po_no,SHORT_NAME, c_code,order_time,create_time) values('P10030561','科翔兴','GV0001', now(), now());
insert into t_vendor_order_detail(c_code, SHORT_NAME, po_no, staff_id,staff_name,SETTLEMENT_TYPE,PO_NO_TYPE, c_part_no, part_no, pn_desc, comm_desc, spec_desc, amount, c_price, money, org_delivery_date,CUST_C_CODE,RLT_ORDER_PO_NO)  values('GV0001', '科翔兴', 'P10030561','','','','0','ELJFC4R7KF','ELJFC4R7KF-G','2520 4.7UH +/-10%',null,'',152000,.0192,2918.4,'2010-08-15','GC0013','1003225');
insert into t_cust_order_detail(c_code, SHORT_NAME, po_no, staff_id,sales_id, c_part_no, part_no, pn_desc, comm_desc, spec_desc, amount, c_price, money, org_delivery_date,vendor_code,ORDERAMOUNT,RLT_ORDER_PO_NO)  values('GC0013', '创力仕实业', '1003225','','','FSMR-ELJFC4R7K-P','ELJFC4R7KF-G','2520 4.7UH +/-10%',null,'',80000,.28,22400,'2010-11-01','GV0001', 80000,'P10030561');
insert into t_vendor_order_detail(c_code, SHORT_NAME, po_no, staff_id,staff_name,SETTLEMENT_TYPE,PO_NO_TYPE, c_part_no, part_no, pn_desc, comm_desc, spec_desc, amount, c_price, money, org_delivery_date,CUST_C_CODE,RLT_ORDER_PO_NO)  values('GV0001', '科翔兴', 'P10030561','','','','0','ELJFC4R7KF','ELJFC4R7KF-G','2520 4.7UH +/-10%',null,'',80000,.0192,1536,'2010-08-15','GC0013','1003225');
insert into t_cust_order(po_no,SHORT_NAME, c_code,order_time,first_create_time,create_time) values('GH20100165','罡扇广联','GC0014', now(), now(), now());
insert into t_cust_order_detail(c_code, SHORT_NAME, po_no, staff_id,sales_id, c_part_no, part_no, pn_desc, comm_desc, spec_desc, amount, c_price, money, org_delivery_date,vendor_code,ORDERAMOUNT,RLT_ORDER_PO_NO)  values('GC0014', '罡扇广联', 'GH20100165','','','2520 22UH','ELJFC220JF-G','2520 22UH +/-5%',null,'',70000,.16,11200,'2010-08-10','GV0001', 70000,'P10030561');
insert into t_vendor_order_detail(c_code, SHORT_NAME, po_no, staff_id,staff_name,SETTLEMENT_TYPE,PO_NO_TYPE, c_part_no, part_no, pn_desc, comm_desc, spec_desc, amount, c_price, money, org_delivery_date,CUST_C_CODE,RLT_ORDER_PO_NO)  values('GV0001', '科翔兴', 'P10030561','','','','0','ELJFC220JF','ELJFC220JF-G','2520 22UH +/-5%',null,'',70000,.0192,1344,'2010-08-15','GC0014','GH20100165');
insert into t_cust_order_detail(c_code, SHORT_NAME, po_no, staff_id,sales_id, c_part_no, part_no, pn_desc, comm_desc, spec_desc, amount, c_price, money, org_delivery_date,vendor_code,ORDERAMOUNT,RLT_ORDER_PO_NO)  values('GC0014', '罡扇广联', 'GH20100248','','','2520 22UH','ELJFC220JF-G','2520 22UH +/-5%',null,'',6000,.16,960,'2010-08-10','GV0001', 6000,'P10030561');
insert into t_vendor_order_detail(c_code, SHORT_NAME, po_no, staff_id,staff_name,SETTLEMENT_TYPE,PO_NO_TYPE, c_part_no, part_no, pn_desc, comm_desc, spec_desc, amount, c_price, money, org_delivery_date,CUST_C_CODE,RLT_ORDER_PO_NO)  values('GV0001', '科翔兴', 'P10030561','','','','0','ELJFC220JF','ELJFC220JF-G','2520 22UH +/-5%',null,'',6000,.0192,115.2,'2010-08-15','GC0014','GH20100248');
insert into t_cust_order_detail(c_code, SHORT_NAME, po_no, staff_id,sales_id, c_part_no, part_no, pn_desc, comm_desc, spec_desc, amount, c_price, money, org_delivery_date,vendor_code,ORDERAMOUNT,RLT_ORDER_PO_NO)  values('GC0085', '创达盛', 'GH20100126','','','ELJPA100KF','ELJPA100KF-G','3225 10UH +/-10% 低内阻',null,'',100000,.17,17000,'2010-08-09','GV0001', 100000,'P10030712');
insert into t_vendor_order(po_no,SHORT_NAME, c_code,order_time,create_time) values('P10030712','科翔兴','GV0001', now(), now());
insert into t_vendor_order_detail(c_code, SHORT_NAME, po_no, staff_id,staff_name,SETTLEMENT_TYPE,PO_NO_TYPE, c_part_no, part_no, pn_desc, comm_desc, spec_desc, amount, c_price, money, org_delivery_date,CUST_C_CODE,RLT_ORDER_PO_NO)  values('GV0001', '科翔兴', 'P10030712','','','','0','ELJPA100KF','ELJPA100KF-G','3225 10UH +/-10% 低内阻',null,'',100000,.0192,1920,'2010-08-20','GC0085','GH20100126');
insert into t_cust_order(po_no,SHORT_NAME, c_code,order_time,first_create_time,create_time) values('GH201010174','宏泰安达','GC0062', now(), now(), now());
insert into t_cust_order_detail(c_code, SHORT_NAME, po_no, staff_id,sales_id, c_part_no, part_no, pn_desc, comm_desc, spec_desc, amount, c_price, money, org_delivery_date,vendor_code,ORDERAMOUNT,RLT_ORDER_PO_NO)  values('GC0062', '宏泰安达', 'GH201010174','','','ELJPA100KF','ELJPA100KF-G','3225 10UH +/-10% 低内阻',null,'',4000,.18,720,'2010-08-09','GV0001', 4000,'P10030712');
insert into t_vendor_order_detail(c_code, SHORT_NAME, po_no, staff_id,staff_name,SETTLEMENT_TYPE,PO_NO_TYPE, c_part_no, part_no, pn_desc, comm_desc, spec_desc, amount, c_price, money, org_delivery_date,CUST_C_CODE,RLT_ORDER_PO_NO)  values('GV0001', '科翔兴', 'P10030712','','','','0','ELJPA100KF','ELJPA100KF-G','3225 10UH +/-10% 低内阻',null,'',4000,.0192,76.8,'2010-08-15','GC0062','GH201010174');
insert into t_cust_order(po_no,SHORT_NAME, c_code,order_time,first_create_time,create_time) values('PO10080216','富视安','GC0070', now(), now(), now());
insert into t_cust_order_detail(c_code, SHORT_NAME, po_no, staff_id,sales_id, c_part_no, part_no, pn_desc, comm_desc, spec_desc, amount, c_price, money, org_delivery_date,vendor_code,ORDERAMOUNT,RLT_ORDER_PO_NO)  values('GC0070', '富视安', 'PO10080216','','','09-53-R21006','ELJPA100KF-G','3225 10UH +/-10% 低内阻',null,'',23000,.19,4370,'2010-08-12','GV0001', 23000,'P10030712');
insert into t_vendor_order_detail(c_code, SHORT_NAME, po_no, staff_id,staff_name,SETTLEMENT_TYPE,PO_NO_TYPE, c_part_no, part_no, pn_desc, comm_desc, spec_desc, amount, c_price, money, org_delivery_date,CUST_C_CODE,RLT_ORDER_PO_NO)  values('GV0001', '科翔兴', 'P10030712','','','','0','ELJPA100KF','ELJPA100KF-G','3225 10UH +/-10% 低内阻',null,'',23000,.0192,441.6,'2010-08-15','GC0070','PO10080216');
insert into t_cust_order_detail(c_code, SHORT_NAME, po_no, staff_id,sales_id, c_part_no, part_no, pn_desc, comm_desc, spec_desc, amount, c_price, money, org_delivery_date,vendor_code,ORDERAMOUNT,RLT_ORDER_PO_NO)  values('GC0013', '创力仕实业', '1003225','','','FSMR-LL1608FSL10N','LL1608-FSL10NJ','TOKO',null,'',252000,.15,37800,'2010-08-02','GV0003', 252000,'P10030752');
insert into t_vendor_order(po_no,SHORT_NAME, c_code,order_time,create_time) values('P10030752','华龙东光','GV0003', now(), now());
insert into t_vendor_order_detail(c_code, SHORT_NAME, po_no, staff_id,staff_name,SETTLEMENT_TYPE,PO_NO_TYPE, c_part_no, part_no, pn_desc, comm_desc, spec_desc, amount, c_price, money, org_delivery_date,CUST_C_CODE,RLT_ORDER_PO_NO)  values('GV0003', '华龙东光', 'P10030752','','','','0','LL1608-FSL10NJ','LL1608-FSL10NJ','TOKO',null,'',252000,.0084,2116.8,'2010-08-02','GC0013','1003225');
insert into t_cust_order_detail(c_code, SHORT_NAME, po_no, staff_id,sales_id, c_part_no, part_no, pn_desc, comm_desc, spec_desc, amount, c_price, money, org_delivery_date,vendor_code,ORDERAMOUNT,RLT_ORDER_PO_NO)  values('GC0013', '创力仕实业', '1003225','','','FSMR-LL1608FSL10N','LL1608-FSL10NJ','TOKO',null,'',292000,.15,43800,'2010-09-01','GV0003', 292000,'P10030752');
insert into t_vendor_order_detail(c_code, SHORT_NAME, po_no, staff_id,staff_name,SETTLEMENT_TYPE,PO_NO_TYPE, c_part_no, part_no, pn_desc, comm_desc, spec_desc, amount, c_price, money, org_delivery_date,CUST_C_CODE,RLT_ORDER_PO_NO)  values('GV0003', '华龙东光', 'P10030752','','','','0','LL1608-FSL10NJ','LL1608-FSL10NJ','TOKO',null,'',292000,.0084,2452.8,'2010-09-01','GC0013','1003225');
insert into t_cust_order_detail(c_code, SHORT_NAME, po_no, staff_id,sales_id, c_part_no, part_no, pn_desc, comm_desc, spec_desc, amount, c_price, money, org_delivery_date,vendor_code,ORDERAMOUNT,RLT_ORDER_PO_NO)  values('GC0013', '创力仕实业', '1003225','','','FSMR-LL1608FSL10N','LL1608-FSL10NJ','TOKO',null,'',304000,.15,45600,'2010-10-04','GV0003', 304000,'P10030752');
insert into t_vendor_order_detail(c_code, SHORT_NAME, po_no, staff_id,staff_name,SETTLEMENT_TYPE,PO_NO_TYPE, c_part_no, part_no, pn_desc, comm_desc, spec_desc, amount, c_price, money, org_delivery_date,CUST_C_CODE,RLT_ORDER_PO_NO)  values('GV0003', '华龙东光', 'P10030752','','','','0','LL1608-FSL10NJ','LL1608-FSL10NJ','TOKO',null,'',304000,.0084,2553.6,'2010-10-04','GC0013','1003225');
insert into t_cust_order_detail(c_code, SHORT_NAME, po_no, staff_id,sales_id, c_part_no, part_no, pn_desc, comm_desc, spec_desc, amount, c_price, money, org_delivery_date,vendor_code,ORDERAMOUNT,RLT_ORDER_PO_NO)  values('GC0013', '创力仕实业', '1003225','','','FSMR-LL1608FSL10N','LL1608-FSL10NJ','TOKO',null,'',156000,.15,23400,'2010-11-01','GV0003', 156000,'P10030752');
insert into t_vendor_order_detail(c_code, SHORT_NAME, po_no, staff_id,staff_name,SETTLEMENT_TYPE,PO_NO_TYPE, c_part_no, part_no, pn_desc, comm_desc, spec_desc, amount, c_price, money, org_delivery_date,CUST_C_CODE,RLT_ORDER_PO_NO)  values('GV0003', '华龙东光', 'P10030752','','','','0','LL1608-FSL10NJ','LL1608-FSL10NJ','TOKO',null,'',156000,.0084,1310.4,'2010-11-01','GC0013','1003225');
insert into t_cust_order_detail(c_code, SHORT_NAME, po_no, staff_id,sales_id, c_part_no, part_no, pn_desc, comm_desc, spec_desc, amount, c_price, money, org_delivery_date,vendor_code,ORDERAMOUNT,RLT_ORDER_PO_NO)  values('GC0013', '创力仕实业', '1003225','','','FSRR-A7503CY-330M','A7503CY-330M','TOKO',null,'',125000,.85,106250,'2010-08-02','GV0028', 125000,'P10030760');
insert into t_vendor_order(po_no,SHORT_NAME, c_code,order_time,create_time) values('P10030760','华龙东光RMB','GV0028', now(), now());
insert into t_vendor_order_detail(c_code, SHORT_NAME, po_no, staff_id,staff_name,SETTLEMENT_TYPE,PO_NO_TYPE, c_part_no, part_no, pn_desc, comm_desc, spec_desc, amount, c_price, money, org_delivery_date,CUST_C_CODE,RLT_ORDER_PO_NO)  values('GV0028', '华龙东光RMB', 'P10030760','','','','0','A7503CY-330M','A7503CY-330M','TOKO',null,'',125000,.65,81250,'2010-08-05','GC0013','1003225');
insert into t_cust_order_detail(c_code, SHORT_NAME, po_no, staff_id,sales_id, c_part_no, part_no, pn_desc, comm_desc, spec_desc, amount, c_price, money, org_delivery_date,vendor_code,ORDERAMOUNT,RLT_ORDER_PO_NO)  values('GC0013', '创力仕实业', '1003225','','','FSRR-A7503CY-330M','A7503CY-330M','TOKO',null,'',145000,.85,123250,'2010-09-01','GV0028', 145000,'P10030760');
insert into t_vendor_order_detail(c_code, SHORT_NAME, po_no, staff_id,staff_name,SETTLEMENT_TYPE,PO_NO_TYPE, c_part_no, part_no, pn_desc, comm_desc, spec_desc, amount, c_price, money, org_delivery_date,CUST_C_CODE,RLT_ORDER_PO_NO)  values('GV0028', '华龙东光RMB', 'P10030760','','','','0','A7503CY-330M','A7503CY-330M','TOKO',null,'',145000,.65,94250,'2010-09-01','GC0013','1003225');
insert into t_cust_order_detail(c_code, SHORT_NAME, po_no, staff_id,sales_id, c_part_no, part_no, pn_desc, comm_desc, spec_desc, amount, c_price, money, org_delivery_date,vendor_code,ORDERAMOUNT,RLT_ORDER_PO_NO)  values('GC0013', '创力仕实业', '1003225','','','FSRR-A7503CY-330M','A7503CY-330M','TOKO',null,'',153000,.85,130050,'2010-10-04','GV0028', 153000,'P10030760');
insert into t_vendor_order_detail(c_code, SHORT_NAME, po_no, staff_id,staff_name,SETTLEMENT_TYPE,PO_NO_TYPE, c_part_no, part_no, pn_desc, comm_desc, spec_desc, amount, c_price, money, org_delivery_date,CUST_C_CODE,RLT_ORDER_PO_NO)  values('GV0028', '华龙东光RMB', 'P10030760','','','','0','A7503CY-330M','A7503CY-330M','TOKO',null,'',153000,.65,99450,'2010-10-04','GC0013','1003225');
insert into t_cust_order_detail(c_code, SHORT_NAME, po_no, staff_id,sales_id, c_part_no, part_no, pn_desc, comm_desc, spec_desc, amount, c_price, money, org_delivery_date,vendor_code,ORDERAMOUNT,RLT_ORDER_PO_NO)  values('GC0013', '创力仕实业', '1003225','','','FSRR-A7503CY-330M','A7503CY-330M','TOKO',null,'',77000,.85,65450,'2010-11-01','GV0028', 77000,'P10030760');
insert into t_vendor_order_detail(c_code, SHORT_NAME, po_no, staff_id,staff_name,SETTLEMENT_TYPE,PO_NO_TYPE, c_part_no, part_no, pn_desc, comm_desc, spec_desc, amount, c_price, money, org_delivery_date,CUST_C_CODE,RLT_ORDER_PO_NO)  values('GV0028', '华龙东光RMB', 'P10030760','','','','0','A7503CY-330M','A7503CY-330M','TOKO',null,'',77000,.65,50050,'2010-11-01','GC0013','1003225');
insert into t_cust_order_detail(c_code, SHORT_NAME, po_no, staff_id,sales_id, c_part_no, part_no, pn_desc, comm_desc, spec_desc, amount, c_price, money, org_delivery_date,vendor_code,ORDERAMOUNT,RLT_ORDER_PO_NO)  values('GC0049', '美赛达', 'CG-10-04-13-039','','','10522UH01','GCRH4D28-220NC','4D28 22UH +/-25%',null,'送货单请注明安防用',2000,.51,1020,'2010-08-09','GV0005', 2000,'P10030775');
insert into t_vendor_order(po_no,SHORT_NAME, c_code,order_time,create_time) values('P10030775','今凯','GV0005', now(), now());
insert into t_vendor_order_detail(c_code, SHORT_NAME, po_no, staff_id,staff_name,SETTLEMENT_TYPE,PO_NO_TYPE, c_part_no, part_no, pn_desc, comm_desc, spec_desc, amount, c_price, money, org_delivery_date,CUST_C_CODE,RLT_ORDER_PO_NO)  values('GV0005', '今凯', 'P10030775','','','','0','CKRH4D28-220NC','GCRH4D28-220NC','4D28 22UH 500MA +/-25%',null,'送货单请注明安防用',2000,.45,900,'2010-08-10','GC0049','CG-10-04-13-039');
insert into t_cust_order_detail(c_code, SHORT_NAME, po_no, staff_id,sales_id, c_part_no, part_no, pn_desc, comm_desc, spec_desc, amount, c_price, money, org_delivery_date,vendor_code,ORDERAMOUNT,RLT_ORDER_PO_NO)  values('GC0049', '美赛达', 'CG-10-04-13-039','','','1056U8H03','GCRH4D28-6R8NC','4D28 6.8UH +/-25%',null,'',112000,.51,57120,'2010-08-09','GV0005', 112000,'P10030775');
insert into t_vendor_order_detail(c_code, SHORT_NAME, po_no, staff_id,staff_name,SETTLEMENT_TYPE,PO_NO_TYPE, c_part_no, part_no, pn_desc, comm_desc, spec_desc, amount, c_price, money, org_delivery_date,CUST_C_CODE,RLT_ORDER_PO_NO)  values('GV0005', '今凯', 'P10030775','','','','0','CKRH4D28-6R8NC','GCRH4D28-6R8NC','4D28 6.8UH +/-25%',null,'',112000,.45,50400,'2010-08-10','GC0049','CG-10-04-13-039');
insert into t_cust_order_detail(c_code, SHORT_NAME, po_no, staff_id,sales_id, c_part_no, part_no, pn_desc, comm_desc, spec_desc, amount, c_price, money, org_delivery_date,vendor_code,ORDERAMOUNT,RLT_ORDER_PO_NO)  values('GC0049', '美赛达', 'CG-10-04-13-039','','','10510UH01','GCRH5D18-100NC','5D18 10UH +/-25%',null,'',474000,.51,241740,'2010-08-09','GV0005', 474000,'P10030775');
insert into t_vendor_order_detail(c_code, SHORT_NAME, po_no, staff_id,staff_name,SETTLEMENT_TYPE,PO_NO_TYPE, c_part_no, part_no, pn_desc, comm_desc, spec_desc, amount, c_price, money, org_delivery_date,CUST_C_CODE,RLT_ORDER_PO_NO)  values('GV0005', '今凯', 'P10030775','','','','0','CKRH5D18-100NC','GCRH5D18-100NC','5D18 10UH +/-25%',null,'',474000,.45,213300,'2010-08-10','GC0049','CG-10-04-13-039');
insert into t_cust_order_detail(c_code, SHORT_NAME, po_no, staff_id,sales_id, c_part_no, part_no, pn_desc, comm_desc, spec_desc, amount, c_price, money, org_delivery_date,vendor_code,ORDERAMOUNT,RLT_ORDER_PO_NO)  values('GC0049', '美赛达', 'CG-10-04-13-039','','','10510UH08','GCRH8D28-100M','8D28 10UH +/-20%',null,'',61000,.75,45750,'2010-08-09','GV0005', 61000,'P10030775');
insert into t_vendor_order_detail(c_code, SHORT_NAME, po_no, staff_id,staff_name,SETTLEMENT_TYPE,PO_NO_TYPE, c_part_no, part_no, pn_desc, comm_desc, spec_desc, amount, c_price, money, org_delivery_date,CUST_C_CODE,RLT_ORDER_PO_NO)  values('GV0005', '今凯', 'P10030775','','','','0','CKRH8D28-100M','GCRH8D28-100M','8D28 10UH +/-20%',null,'',61000,.68,41480,'2010-08-10','GC0049','CG-10-04-13-039');
insert into t_cust_order_detail(c_code, SHORT_NAME, po_no, staff_id,sales_id, c_part_no, part_no, pn_desc, comm_desc, spec_desc, amount, c_price, money, org_delivery_date,vendor_code,ORDERAMOUNT,RLT_ORDER_PO_NO)  values('GC0049', '美赛达', 'CG-10-04-13-039','','','105330U01','GCRH104R-331NC','104R 330UH +/-25%',null,'',101200,.68,68816,'2010-08-09','GV0005', 101200,'P10030775');
insert into t_vendor_order_detail(c_code, SHORT_NAME, po_no, staff_id,staff_name,SETTLEMENT_TYPE,PO_NO_TYPE, c_part_no, part_no, pn_desc, comm_desc, spec_desc, amount, c_price, money, org_delivery_date,CUST_C_CODE,RLT_ORDER_PO_NO)  values('GV0005', '今凯', 'P10030775','','','','0','CKRH104R-331NC','GCRH104R-331NC','104R 330UH +/-25%',null,'',101200,.68,68816,'2010-08-10','GC0049','CG-10-04-13-039');
insert into t_cust_order_detail(c_code, SHORT_NAME, po_no, staff_id,sales_id, c_part_no, part_no, pn_desc, comm_desc, spec_desc, amount, c_price, money, org_delivery_date,vendor_code,ORDERAMOUNT,RLT_ORDER_PO_NO)  values('GC0049', '美赛达', 'CG-10-04-13-039','','','1052U2H01','GCRH2D18A/HP-2R2NC','2D18A/HP 2.2UH +/-25% 高度2MM DCR小于125M欧 可耐电流0.63A',null,'',2000,.5,1000,'2010-08-09','GV0005', 2000,'P10030775');
insert into t_vendor_order_detail(c_code, SHORT_NAME, po_no, staff_id,staff_name,SETTLEMENT_TYPE,PO_NO_TYPE, c_part_no, part_no, pn_desc, comm_desc, spec_desc, amount, c_price, money, org_delivery_date,CUST_C_CODE,RLT_ORDER_PO_NO)  values('GV0005', '今凯', 'P10030775','','','','0','CKRH2D18A/HP-2R2NC','GCRH2D18A/HP-2R2NC','2D18A/HP 2.2UH +/-25% 高度2MM DCR小于125M欧 可耐电流0.63A',null,'',2000,.473,946,'2010-08-10','GC0049','CG-10-04-13-039');
insert into t_cust_order_detail(c_code, SHORT_NAME, po_no, staff_id,sales_id, c_part_no, part_no, pn_desc, comm_desc, spec_desc, amount, c_price, money, org_delivery_date,vendor_code,ORDERAMOUNT,RLT_ORDER_PO_NO)  values('GC0006', '喜恩碧', 'PO1006-201','','','LC00010CK1','ELJFC100KF-G','2520 10UH +/-10%',null,'',102000,.21067371,21488.71842,'2010-08-05','GV0001', 102000,'P10030814');
insert into t_vendor_order(po_no,SHORT_NAME, c_code,order_time,create_time) values('P10030814','科翔兴','GV0001', now(), now());
insert into t_vendor_order_detail(c_code, SHORT_NAME, po_no, staff_id,staff_name,SETTLEMENT_TYPE,PO_NO_TYPE, c_part_no, part_no, pn_desc, comm_desc, spec_desc, amount, c_price, money, org_delivery_date,CUST_C_CODE,RLT_ORDER_PO_NO)  values('GV0001', '科翔兴', 'P10030814','','','','0','ELJFC100KF','ELJFC100KF-G','2520 10UH +/-10%',null,'',102000,.0192,1958.4,'2010-08-10','GC0006','PO1006-201');
insert into t_cust_order_detail(c_code, SHORT_NAME, po_no, staff_id,sales_id, c_part_no, part_no, pn_desc, comm_desc, spec_desc, amount, c_price, money, org_delivery_date,vendor_code,ORDERAMOUNT,RLT_ORDER_PO_NO)  values('GC0013', '创力仕实业', '1003225','','','FSMR-DLW21SN181S','DLW21SN181SQ2L','0805 180 OHM',null,'',146000,.77,112420,'2010-09-01','GV0012', 146000,'P10030839');
insert into t_vendor_order(po_no,SHORT_NAME, c_code,order_time,create_time) values('P10030839','威雅利','GV0012', now(), now());
insert into t_vendor_order_detail(c_code, SHORT_NAME, po_no, staff_id,staff_name,SETTLEMENT_TYPE,PO_NO_TYPE, c_part_no, part_no, pn_desc, comm_desc, spec_desc, amount, c_price, money, org_delivery_date,CUST_C_CODE,RLT_ORDER_PO_NO)  values('GV0012', '威雅利', 'P10030839','','','','0','DLW21SN181SQ2L','DLW21SN181SQ2L','0805 180 OHM',null,'',146000,.068,9928,'2010-09-01','GC0013','1003225');
insert into t_cust_order_detail(c_code, SHORT_NAME, po_no, staff_id,sales_id, c_part_no, part_no, pn_desc, comm_desc, spec_desc, amount, c_price, money, org_delivery_date,vendor_code,ORDERAMOUNT,RLT_ORDER_PO_NO)  values('GC0013', '创力仕实业', '1003225','','','FSMR-DLW21SN181S','DLW21SN181SQ2L','0805 180 OHM',null,'',154000,.77,118580,'2010-10-04','GV0012', 154000,'P10030839');
insert into t_vendor_order_detail(c_code, SHORT_NAME, po_no, staff_id,staff_name,SETTLEMENT_TYPE,PO_NO_TYPE, c_part_no, part_no, pn_desc, comm_desc, spec_desc, amount, c_price, money, org_delivery_date,CUST_C_CODE,RLT_ORDER_PO_NO)  values('GV0012', '威雅利', 'P10030839','','','','0','DLW21SN181SQ2L','DLW21SN181SQ2L','0805 180 OHM',null,'',154000,.068,10472,'2010-10-04','GC0013','1003225');
insert into t_cust_order_detail(c_code, SHORT_NAME, po_no, staff_id,sales_id, c_part_no, part_no, pn_desc, comm_desc, spec_desc, amount, c_price, money, org_delivery_date,vendor_code,ORDERAMOUNT,RLT_ORDER_PO_NO)  values('GC0013', '创力仕实业', '1003225','','','FSMR-DLW21SN181S','DLW21SN181SQ2L','0805 180 OHM',null,'',78000,.77,60060,'2010-11-01','GV0012', 78000,'P10030839');
insert into t_vendor_order_detail(c_code, SHORT_NAME, po_no, staff_id,staff_name,SETTLEMENT_TYPE,PO_NO_TYPE, c_part_no, part_no, pn_desc, comm_desc, spec_desc, amount, c_price, money, org_delivery_date,CUST_C_CODE,RLT_ORDER_PO_NO)  values('GV0012', '威雅利', 'P10030839','','','','0','DLW21SN181SQ2L','DLW21SN181SQ2L','0805 180 OHM',null,'',78000,.068,5304,'2010-11-01','GC0013','1003225');
insert into t_cust_order_detail(c_code, SHORT_NAME, po_no, staff_id,sales_id, c_part_no, part_no, pn_desc, comm_desc, spec_desc, amount, c_price, money, org_delivery_date,vendor_code,ORDERAMOUNT,RLT_ORDER_PO_NO)  values('GC0049', '美赛达', 'CG-10-04-13-039','','','105251K01','TC-251K-6A-8026B','8026B 250UH',null,'',24250,3.5,84875,'2010-08-09','GV0007', 24250,'P10030857');
insert into t_vendor_order(po_no,SHORT_NAME, c_code,order_time,create_time) values('P10030857','三乐','GV0007', now(), now());
insert into t_vendor_order_detail(c_code, SHORT_NAME, po_no, staff_id,staff_name,SETTLEMENT_TYPE,PO_NO_TYPE, c_part_no, part_no, pn_desc, comm_desc, spec_desc, amount, c_price, money, org_delivery_date,CUST_C_CODE,RLT_ORDER_PO_NO)  values('GV0007', '三乐', 'P10030857','','','','0','TC-251K-6A-8026B','TC-251K-6A-8026B','8026B 250UH',null,'',24250,1.8,43650,'2010-08-10','GC0049','CG-10-04-13-039');
insert into t_cust_order_detail(c_code, SHORT_NAME, po_no, staff_id,sales_id, c_part_no, part_no, pn_desc, comm_desc, spec_desc, amount, c_price, money, org_delivery_date,vendor_code,ORDERAMOUNT,RLT_ORDER_PO_NO)  values('GC0049', '美赛达', 'CG-10-04-13-039','','','105181201','TC-151U-18126','18126 150UH',null,'',13000,2.65,34450,'2010-08-09','GV0007', 13000,'P10030857');
insert into t_vendor_order_detail(c_code, SHORT_NAME, po_no, staff_id,staff_name,SETTLEMENT_TYPE,PO_NO_TYPE, c_part_no, part_no, pn_desc, comm_desc, spec_desc, amount, c_price, money, org_delivery_date,CUST_C_CODE,RLT_ORDER_PO_NO)  values('GV0007', '三乐', 'P10030857','','','','0','TC-151U-18126','TC-151U-18126','18126 150UH',null,'',13000,1.65,21450,'2010-08-10','GC0049','CG-10-04-13-039');
insert into t_cust_order(po_no,SHORT_NAME, c_code,order_time,first_create_time,create_time) values('1007027','创力仕实业','GC0013', now(), now(), now());
insert into t_cust_order_detail(c_code, SHORT_NAME, po_no, staff_id,sales_id, c_part_no, part_no, pn_desc, comm_desc, spec_desc, amount, c_price, money, org_delivery_date,vendor_code,ORDERAMOUNT,RLT_ORDER_PO_NO)  values('GC0013', '创力仕实业', '1007027','','','FSMR-LLQ1608FR33J','LLQ1608-FR33J','要求和TOKO P/N:LLQ1608-FR33J电气性能一致,包装及编带和TOKO LLQ1608系列一致',null,'',12000,.535,6420,'2010-08-02','GV0011', 12000,'P10030883');
insert into t_vendor_order(po_no,SHORT_NAME, c_code,order_time,create_time) values('P10030883','高雅','GV0011', now(), now());
insert into t_vendor_order_detail(c_code, SHORT_NAME, po_no, staff_id,staff_name,SETTLEMENT_TYPE,PO_NO_TYPE, c_part_no, part_no, pn_desc, comm_desc, spec_desc, amount, c_price, money, org_delivery_date,CUST_C_CODE,RLT_ORDER_PO_NO)  values('GV0011', '高雅', 'P10030883','','','','0','CCFH0603CR33J','LLQ1608-FR33J','0603绕线电感 330NH 5% 电气性能、包装及编带和TOKO P/N:LLQ1608-FR33J一致',null,'',12000,.025,300,'2010-06-01','GC0013','1007027');
insert into t_cust_order_detail(c_code, SHORT_NAME, po_no, staff_id,sales_id, c_part_no, part_no, pn_desc, comm_desc, spec_desc, amount, c_price, money, org_delivery_date,vendor_code,ORDERAMOUNT,RLT_ORDER_PO_NO)  values('GC0115', '科翔', '100707002','','','ELJFC100KF','ELJFC100KF-G','2520 10UH +/-10%',null,'',42000,.01932,811.44,'2010-08-28','GV0001', 42000,'P10030933');
insert into t_vendor_order(po_no,SHORT_NAME, c_code,order_time,create_time) values('P10030933','科翔兴','GV0001', now(), now());
insert into t_vendor_order_detail(c_code, SHORT_NAME, po_no, staff_id,staff_name,SETTLEMENT_TYPE,PO_NO_TYPE, c_part_no, part_no, pn_desc, comm_desc, spec_desc, amount, c_price, money, org_delivery_date,CUST_C_CODE,RLT_ORDER_PO_NO)  values('GV0001', '科翔兴', 'P10030933','','','','0','ELJFC100KF','ELJFC100KF-G','2520 10UH +/-10%',null,'',42000,.0192,806.4,'2010-08-10','GC0115','100707002');
insert into t_cust_order_detail(c_code, SHORT_NAME, po_no, staff_id,sales_id, c_part_no, part_no, pn_desc, comm_desc, spec_desc, amount, c_price, money, org_delivery_date,vendor_code,ORDERAMOUNT,RLT_ORDER_PO_NO)  values('GC0006', '喜恩碧', 'PO1005-055','','','LC00068DM2','ELJPA680KF-G','3225 68UH +/-10%低内阻',null,'',20000,.21067371,4213.4742,'2010-06-15','GV0001', 20000,'P10030933');
insert into t_vendor_order_detail(c_code, SHORT_NAME, po_no, staff_id,staff_name,SETTLEMENT_TYPE,PO_NO_TYPE, c_part_no, part_no, pn_desc, comm_desc, spec_desc, amount, c_price, money, org_delivery_date,CUST_C_CODE,RLT_ORDER_PO_NO)  values('GV0001', '科翔兴', 'P10030933','','','','0','ELJPA680KF','ELJPA680KF-G','3225 68UH +/-10%低内阻',null,'',20000,.0192,384,'2010-08-15','GC0006','PO1005-055');
insert into t_cust_order_detail(c_code, SHORT_NAME, po_no, staff_id,sales_id, c_part_no, part_no, pn_desc, comm_desc, spec_desc, amount, c_price, money, org_delivery_date,vendor_code,ORDERAMOUNT,RLT_ORDER_PO_NO)  values('GC0085', '创达盛', 'GH20100126','','','ELJPA470KF','ELJPA470KF-G','3225 47UH +/-10%低内阻',null,'',396000,.17,67320,'2010-08-09','GV0001', 396000,'P10031056');
insert into t_vendor_order(po_no,SHORT_NAME, c_code,order_time,create_time) values('P10031056','科翔兴','GV0001', now(), now());
insert into t_vendor_order_detail(c_code, SHORT_NAME, po_no, staff_id,staff_name,SETTLEMENT_TYPE,PO_NO_TYPE, c_part_no, part_no, pn_desc, comm_desc, spec_desc, amount, c_price, money, org_delivery_date,CUST_C_CODE,RLT_ORDER_PO_NO)  values('GV0001', '科翔兴', 'P10031056','','','','0','ELJPA470KF','ELJPA470KF-G','3225 47UH +/-10%低内阻',null,'',396000,.0192,7603.2,'2010-08-10','GC0085','GH20100126');
insert into t_cust_order_detail(c_code, SHORT_NAME, po_no, staff_id,sales_id, c_part_no, part_no, pn_desc, comm_desc, spec_desc, amount, c_price, money, org_delivery_date,vendor_code,ORDERAMOUNT,RLT_ORDER_PO_NO)  values('GC0063', '鑫永华', 'GH20100160','','','ELJPA470KF','ELJPA470KF-G','3225 47UH +/-10%低内阻',null,'',4000,.19,760,'2010-08-12','GV0001', 4000,'P10031056');
insert into t_vendor_order_detail(c_code, SHORT_NAME, po_no, staff_id,staff_name,SETTLEMENT_TYPE,PO_NO_TYPE, c_part_no, part_no, pn_desc, comm_desc, spec_desc, amount, c_price, money, org_delivery_date,CUST_C_CODE,RLT_ORDER_PO_NO)  values('GV0001', '科翔兴', 'P10031056','','','','0','ELJPA470KF','ELJPA470KF-G','3225 47UH +/-10%低内阻',null,'',4000,.0192,76.8,'2010-08-10','GC0063','GH20100160');
insert into t_cust_order(po_no,SHORT_NAME, c_code,order_time,first_create_time,create_time) values('PO1004-104','喜恩碧','GC0006', now(), now(), now());
insert into t_cust_order_detail(c_code, SHORT_NAME, po_no, staff_id,sales_id, c_part_no, part_no, pn_desc, comm_desc, spec_desc, amount, c_price, money, org_delivery_date,vendor_code,ORDERAMOUNT,RLT_ORDER_PO_NO)  values('GC0006', '喜恩碧', 'PO1004-104','','','LC00010CK1','ELJFC100KF-G','2520 10UH +/-10%',null,'',20000,.21067371,4213.4742,'2010-06-02','GV0001', 20000,'P10031056');
insert into t_vendor_order_detail(c_code, SHORT_NAME, po_no, staff_id,staff_name,SETTLEMENT_TYPE,PO_NO_TYPE, c_part_no, part_no, pn_desc, comm_desc, spec_desc, amount, c_price, money, org_delivery_date,CUST_C_CODE,RLT_ORDER_PO_NO)  values('GV0001', '科翔兴', 'P10031056','','','','0','ELJFC100KF','ELJFC100KF-G','2520 10UH +/-10%',null,'',20000,.0192,384,'2010-08-15','GC0006','PO1004-104');
insert into t_cust_order_detail(c_code, SHORT_NAME, po_no, staff_id,sales_id, c_part_no, part_no, pn_desc, comm_desc, spec_desc, amount, c_price, money, org_delivery_date,vendor_code,ORDERAMOUNT,RLT_ORDER_PO_NO)  values('GC0006', '喜恩碧', 'PO1006-201','','','LC00010CK1','ELJFC100KF-G','2520 10UH +/-10%',null,'',18000,.21067371,3792.12678,'2010-08-05','GV0001', 18000,'P10031056');
insert into t_vendor_order_detail(c_code, SHORT_NAME, po_no, staff_id,staff_name,SETTLEMENT_TYPE,PO_NO_TYPE, c_part_no, part_no, pn_desc, comm_desc, spec_desc, amount, c_price, money, org_delivery_date,CUST_C_CODE,RLT_ORDER_PO_NO)  values('GV0001', '科翔兴', 'P10031056','','','','0','ELJFC100KF','ELJFC100KF-G','2520 10UH +/-10%',null,'',18000,.0192,345.6,'2010-08-10','GC0006','PO1006-201');
insert into t_cust_order(po_no,SHORT_NAME, c_code,order_time,first_create_time,create_time) values('CG-10-04-28-0015','美赛达','GC0049', now(), now(), now());
insert into t_cust_order_detail(c_code, SHORT_NAME, po_no, staff_id,sales_id, c_part_no, part_no, pn_desc, comm_desc, spec_desc, amount, c_price, money, org_delivery_date,vendor_code,ORDERAMOUNT,RLT_ORDER_PO_NO)  values('GC0049', '美赛达', 'CG-10-04-28-0015','','','1052U2H01','GCRH2D18A/HP-2R2NC','2D18A/HP 2.2UH +/-25% 高度2MM DCR小于125M欧 可耐电流0.63A',null,'',20000,.5,10000,'2010-08-09','GV0005', 20000,'P10031061');
insert into t_vendor_order(po_no,SHORT_NAME, c_code,order_time,create_time) values('P10031061','今凯','GV0005', now(), now());
insert into t_vendor_order_detail(c_code, SHORT_NAME, po_no, staff_id,staff_name,SETTLEMENT_TYPE,PO_NO_TYPE, c_part_no, part_no, pn_desc, comm_desc, spec_desc, amount, c_price, money, org_delivery_date,CUST_C_CODE,RLT_ORDER_PO_NO)  values('GV0005', '今凯', 'P10031061','','','','0','CKRH2D18A/HP-2R2NC','GCRH2D18A/HP-2R2NC','2D18A/HP 2.2UH +/-25% 高度2MM DCR小于125M欧 可耐电流0.63A',null,'',20000,.473,9460,'2010-08-10','GC0049','CG-10-04-28-0015');
insert into t_cust_order_detail(c_code, SHORT_NAME, po_no, staff_id,sales_id, c_part_no, part_no, pn_desc, comm_desc, spec_desc, amount, c_price, money, org_delivery_date,vendor_code,ORDERAMOUNT,RLT_ORDER_PO_NO)  values('GC0049', '美赛达', 'CG-10-04-28-0015','','','10510UH01','GCRH5D18-100NC','5D18 10UH +/-25%',null,'',10000,.51,5100,'2010-08-09','GV0005', 10000,'P10031061');
insert into t_vendor_order_detail(c_code, SHORT_NAME, po_no, staff_id,staff_name,SETTLEMENT_TYPE,PO_NO_TYPE, c_part_no, part_no, pn_desc, comm_desc, spec_desc, amount, c_price, money, org_delivery_date,CUST_C_CODE,RLT_ORDER_PO_NO)  values('GV0005', '今凯', 'P10031061','','','','0','CKRH5D18-100NC','GCRH5D18-100NC','5D18 10UH +/-25%',null,'',10000,.45,4500,'2010-08-10','GC0049','CG-10-04-28-0015');
insert into t_cust_order_detail(c_code, SHORT_NAME, po_no, staff_id,sales_id, c_part_no, part_no, pn_desc, comm_desc, spec_desc, amount, c_price, money, org_delivery_date,vendor_code,ORDERAMOUNT,RLT_ORDER_PO_NO)  values('GC0115', '科翔', '100707002','','','ELJFC100KF','ELJFC100KF-G','2520 10UH +/-10%',null,'',4000,.01932,77.28,'2010-08-28','GV0001', 4000,'P10031222');
insert into t_vendor_order(po_no,SHORT_NAME, c_code,order_time,create_time) values('P10031222','科翔兴','GV0001', now(), now());
insert into t_vendor_order_detail(c_code, SHORT_NAME, po_no, staff_id,staff_name,SETTLEMENT_TYPE,PO_NO_TYPE, c_part_no, part_no, pn_desc, comm_desc, spec_desc, amount, c_price, money, org_delivery_date,CUST_C_CODE,RLT_ORDER_PO_NO)  values('GV0001', '科翔兴', 'P10031222','','','','0','ELJFC100KF','ELJFC100KF-G','2520 10UH +/-10%',null,'',4000,.0192,76.8,'2010-08-10','GC0115','100707002');
insert into t_cust_order_detail(c_code, SHORT_NAME, po_no, staff_id,sales_id, c_part_no, part_no, pn_desc, comm_desc, spec_desc, amount, c_price, money, org_delivery_date,vendor_code,ORDERAMOUNT,RLT_ORDER_PO_NO)  values('GC0115', '科翔', '100707002','','','ELJFC100KF','ELJFC100KF-G','2520 10UH +/-10%',null,'',30000,.01932,579.6,'2010-08-28','GV0001', 30000,'P10031222');
insert into t_vendor_order_detail(c_code, SHORT_NAME, po_no, staff_id,staff_name,SETTLEMENT_TYPE,PO_NO_TYPE, c_part_no, part_no, pn_desc, comm_desc, spec_desc, amount, c_price, money, org_delivery_date,CUST_C_CODE,RLT_ORDER_PO_NO)  values('GV0001', '科翔兴', 'P10031222','','','','0','ELJFC100KF','ELJFC100KF-G','2520 10UH +/-10%',null,'',30000,.0192,576,'2010-08-10','GC0115','100707002');
insert into t_cust_order(po_no,SHORT_NAME, c_code,order_time,first_create_time,create_time) values('100803002','科翔','GC0115', now(), now(), now());
insert into t_cust_order_detail(c_code, SHORT_NAME, po_no, staff_id,sales_id, c_part_no, part_no, pn_desc, comm_desc, spec_desc, amount, c_price, money, org_delivery_date,vendor_code,ORDERAMOUNT,RLT_ORDER_PO_NO)  values('GC0115', '科翔', '100803002','','','ELJPC220KF','ELJPC220KF-G','2520 22UH +/-10%低内阻',null,'',32000,.01932,618.24,'2010-09-25','GV0001', 32000,'P10031222');
insert into t_vendor_order_detail(c_code, SHORT_NAME, po_no, staff_id,staff_name,SETTLEMENT_TYPE,PO_NO_TYPE, c_part_no, part_no, pn_desc, comm_desc, spec_desc, amount, c_price, money, org_delivery_date,CUST_C_CODE,RLT_ORDER_PO_NO)  values('GV0001', '科翔兴', 'P10031222','','','','0','ELJPC220KF','ELJPC220KF-G','2520 22UH +/-10%低内阻',null,'',32000,.0192,614.4,'2010-08-15','GC0115','100803002');
insert into t_cust_order_detail(c_code, SHORT_NAME, po_no, staff_id,sales_id, c_part_no, part_no, pn_desc, comm_desc, spec_desc, amount, c_price, money, org_delivery_date,vendor_code,ORDERAMOUNT,RLT_ORDER_PO_NO)  values('GC0105', '东佳实业', 'DJ0719GLE','','','ELJPA2R2MF','ELJPA2R2MF-G','3225 2.2UH +/-20%低内阻',null,'',2000,.18,360,'2010-08-09','GV0001', 2000,'P10031222');
insert into t_vendor_order_detail(c_code, SHORT_NAME, po_no, staff_id,staff_name,SETTLEMENT_TYPE,PO_NO_TYPE, c_part_no, part_no, pn_desc, comm_desc, spec_desc, amount, c_price, money, org_delivery_date,CUST_C_CODE,RLT_ORDER_PO_NO)  values('GV0001', '科翔兴', 'P10031222','','','','0','ELJPA2R2MF','ELJPA2R2MF-G','3225 2.2UH +/-20%低内阻',null,'',2000,0,0,'2010-08-15','GC0105','DJ0719GLE');
insert into t_cust_order_detail(c_code, SHORT_NAME, po_no, staff_id,sales_id, c_part_no, part_no, pn_desc, comm_desc, spec_desc, amount, c_price, money, org_delivery_date,vendor_code,ORDERAMOUNT,RLT_ORDER_PO_NO)  values('GC0006', '喜恩碧', 'PO1005-055','','','LC002R2DM2','ELJPA2R2MF-G','3225 2.2UH +/-20%低内阻',null,'',10000,.21067371,2106.7371,'2010-05-18','GV0001', 10000,'P10031222');
insert into t_vendor_order_detail(c_code, SHORT_NAME, po_no, staff_id,staff_name,SETTLEMENT_TYPE,PO_NO_TYPE, c_part_no, part_no, pn_desc, comm_desc, spec_desc, amount, c_price, money, org_delivery_date,CUST_C_CODE,RLT_ORDER_PO_NO)  values('GV0001', '科翔兴', 'P10031222','','','','0','ELJPA2R2MF','ELJPA2R2MF-G','3225 2.2UH +/-20%低内阻',null,'',10000,.0192,192,'2010-08-15','GC0006','PO1005-055');
insert into t_cust_order(po_no,SHORT_NAME, c_code,order_time,first_create_time,create_time) values('PO1005-079','喜恩碧','GC0006', now(), now(), now());
insert into t_cust_order_detail(c_code, SHORT_NAME, po_no, staff_id,sales_id, c_part_no, part_no, pn_desc, comm_desc, spec_desc, amount, c_price, money, org_delivery_date,vendor_code,ORDERAMOUNT,RLT_ORDER_PO_NO)  values('GC0006', '喜恩碧', 'PO1005-079','','','LC004R7DM2','ELJPA4R7MF-G','3225 4.7UH +/-20%低内阻',null,'',4000,.21067371,842.69484,'2010-06-25','GV0001', 4000,'P10031222');
insert into t_vendor_order_detail(c_code, SHORT_NAME, po_no, staff_id,staff_name,SETTLEMENT_TYPE,PO_NO_TYPE, c_part_no, part_no, pn_desc, comm_desc, spec_desc, amount, c_price, money, org_delivery_date,CUST_C_CODE,RLT_ORDER_PO_NO)  values('GV0001', '科翔兴', 'P10031222','','','','0','ELJPA4R7MF','ELJPA4R7MF-G','3225 4.7UH +/-20%低内阻',null,'',4000,.0192,76.8,'2010-08-15','GC0006','PO1005-079');
insert into t_cust_order(po_no,SHORT_NAME, c_code,order_time,first_create_time,create_time) values('PO1006-074','喜恩碧','GC0006', now(), now(), now());
insert into t_cust_order_detail(c_code, SHORT_NAME, po_no, staff_id,sales_id, c_part_no, part_no, pn_desc, comm_desc, spec_desc, amount, c_price, money, org_delivery_date,vendor_code,ORDERAMOUNT,RLT_ORDER_PO_NO)  values('GC0006', '喜恩碧', 'PO1006-074','','','LC004R7DM2','ELJPA4R7MF-G','3225 4.7UH +/-20%低内阻',null,'',20000,.21067371,4213.4742,'2010-07-10','GV0001', 20000,'P10031222');
insert into t_vendor_order_detail(c_code, SHORT_NAME, po_no, staff_id,staff_name,SETTLEMENT_TYPE,PO_NO_TYPE, c_part_no, part_no, pn_desc, comm_desc, spec_desc, amount, c_price, money, org_delivery_date,CUST_C_CODE,RLT_ORDER_PO_NO)  values('GV0001', '科翔兴', 'P10031222','','','','0','ELJPA4R7MF','ELJPA4R7MF-G','3225 4.7UH +/-20%低内阻',null,'',20000,.0192,384,'2010-08-15','GC0006','PO1006-074');
insert into t_cust_order_detail(c_code, SHORT_NAME, po_no, staff_id,sales_id, c_part_no, part_no, pn_desc, comm_desc, spec_desc, amount, c_price, money, org_delivery_date,vendor_code,ORDERAMOUNT,RLT_ORDER_PO_NO)  values('GC0016', '飞歌汽车音响', 'FA-PO-20100709003','','','DZ03V0025R0','GCRH5D28-100M','5D28 10UH',null,'',20000,.65,13000,'2010-09-05','GV0005', 20000,'P10031251RVE.01');
insert into t_vendor_order(po_no,SHORT_NAME, c_code,order_time,create_time) values('P10031251RVE.01','今凯','GV0005', now(), now());
insert into t_vendor_order_detail(c_code, SHORT_NAME, po_no, staff_id,staff_name,SETTLEMENT_TYPE,PO_NO_TYPE, c_part_no, part_no, pn_desc, comm_desc, spec_desc, amount, c_price, money, org_delivery_date,CUST_C_CODE,RLT_ORDER_PO_NO)  values('GV0005', '今凯', 'P10031251RVE.01','','','','0','CKRH5D28-100M','GCRH5D28-100M','5D28 10UH +/-20%',null,'',20000,.45,9000,'2010-08-10','GC0016','FA-PO-20100709003');
insert into t_cust_order_detail(c_code, SHORT_NAME, po_no, staff_id,sales_id, c_part_no, part_no, pn_desc, comm_desc, spec_desc, amount, c_price, money, org_delivery_date,vendor_code,ORDERAMOUNT,RLT_ORDER_PO_NO)  values('GC0115', '科翔', '100707002','','','ELJFC100KF','ELJFC100KF-G','2520 10UH +/-10%',null,'',14000,.01932,270.48,'2010-08-28','GV0001', 14000,'P10031266');
insert into t_vendor_order(po_no,SHORT_NAME, c_code,order_time,create_time) values('P10031266','科翔兴','GV0001', now(), now());
insert into t_vendor_order_detail(c_code, SHORT_NAME, po_no, staff_id,staff_name,SETTLEMENT_TYPE,PO_NO_TYPE, c_part_no, part_no, pn_desc, comm_desc, spec_desc, amount, c_price, money, org_delivery_date,CUST_C_CODE,RLT_ORDER_PO_NO)  values('GV0001', '科翔兴', 'P10031266','','','','0','ELJFC100KF','ELJFC100KF-G','2520 10UH +/-10%',null,'',14000,.0192,268.8,'2010-08-10','GC0115','100707002');
insert into t_cust_order_detail(c_code, SHORT_NAME, po_no, staff_id,sales_id, c_part_no, part_no, pn_desc, comm_desc, spec_desc, amount, c_price, money, org_delivery_date,vendor_code,ORDERAMOUNT,RLT_ORDER_PO_NO)  values('GC0085', '创达盛', 'GH20100126','','','ELJPA100KF','ELJPA100KF-G','3225 10UH +/-10% 低内阻',null,'',190000,.17,32300,'2010-08-09','GV0001', 190000,'P10031266');
insert into t_vendor_order_detail(c_code, SHORT_NAME, po_no, staff_id,staff_name,SETTLEMENT_TYPE,PO_NO_TYPE, c_part_no, part_no, pn_desc, comm_desc, spec_desc, amount, c_price, money, org_delivery_date,CUST_C_CODE,RLT_ORDER_PO_NO)  values('GV0001', '科翔兴', 'P10031266','','','','0','ELJPA100KF','ELJPA100KF-G','3225 10UH +/-10% 低内阻',null,'',190000,.0192,3648,'2010-08-20','GC0085','GH20100126');
insert into t_cust_order_detail(c_code, SHORT_NAME, po_no, staff_id,sales_id, c_part_no, part_no, pn_desc, comm_desc, spec_desc, amount, c_price, money, org_delivery_date,vendor_code,ORDERAMOUNT,RLT_ORDER_PO_NO)  values('GC0006', '喜恩碧', 'PO1006-201','','','LC00010CK1','ELJFC100KF-G','2520 10UH +/-10%',null,'',28000,.21067371,5898.86388,'2010-08-05','GV0001', 28000,'P10031266');
insert into t_vendor_order_detail(c_code, SHORT_NAME, po_no, staff_id,staff_name,SETTLEMENT_TYPE,PO_NO_TYPE, c_part_no, part_no, pn_desc, comm_desc, spec_desc, amount, c_price, money, org_delivery_date,CUST_C_CODE,RLT_ORDER_PO_NO)  values('GV0001', '科翔兴', 'P10031266','','','','0','ELJFC100KF','ELJFC100KF-G','2520 10UH +/-10%',null,'',28000,.0192,537.6,'2010-08-10','GC0006','PO1006-201');
insert into t_cust_order_detail(c_code, SHORT_NAME, po_no, staff_id,sales_id, c_part_no, part_no, pn_desc, comm_desc, spec_desc, amount, c_price, money, org_delivery_date,vendor_code,ORDERAMOUNT,RLT_ORDER_PO_NO)  values('GC0006', '喜恩碧', 'PO1007-044','','','LC00010CK1','ELJFC100KF-G','2520 10UH +/-10%',null,'',308000,.21067371,64887.50268,'2010-08-22','GV0001', 308000,'P10031266');
insert into t_vendor_order_detail(c_code, SHORT_NAME, po_no, staff_id,staff_name,SETTLEMENT_TYPE,PO_NO_TYPE, c_part_no, part_no, pn_desc, comm_desc, spec_desc, amount, c_price, money, org_delivery_date,CUST_C_CODE,RLT_ORDER_PO_NO)  values('GV0001', '科翔兴', 'P10031266','','','','0','ELJFC100KF','ELJFC100KF-G','2520 10UH +/-10%',null,'',308000,.0192,5913.6,'2010-08-10','GC0006','PO1007-044');
insert into t_cust_order(po_no,SHORT_NAME, c_code,order_time,first_create_time,create_time) values('GH20100161','维宝视','GC0084', now(), now(), now());
insert into t_cust_order_detail(c_code, SHORT_NAME, po_no, staff_id,sales_id, c_part_no, part_no, pn_desc, comm_desc, spec_desc, amount, c_price, money, org_delivery_date,vendor_code,ORDERAMOUNT,RLT_ORDER_PO_NO)  values('GC0084', '维宝视', 'GH20100161','','','63B-101M','GCRH63B-101M','63B 100UH +/-20%',null,'',2000,.6,1200,'2010-08-09','GV0006', 2000,'P10031495');
insert into t_vendor_order(po_no,SHORT_NAME, c_code,order_time,create_time) values('P10031495','海瑞达','GV0006', now(), now());
insert into t_vendor_order_detail(c_code, SHORT_NAME, po_no, staff_id,staff_name,SETTLEMENT_TYPE,PO_NO_TYPE, c_part_no, part_no, pn_desc, comm_desc, spec_desc, amount, c_price, money, org_delivery_date,CUST_C_CODE,RLT_ORDER_PO_NO)  values('GV0006', '海瑞达', 'P10031495','','','','0','HSMRH63B-101M','GCRH63B-101M','63B 100UH +/-20%',null,'',2000,.5,1000,'2010-08-15','GC0084','GH20100161');
insert into t_cust_order_detail(c_code, SHORT_NAME, po_no, staff_id,sales_id, c_part_no, part_no, pn_desc, comm_desc, spec_desc, amount, c_price, money, org_delivery_date,vendor_code,ORDERAMOUNT,RLT_ORDER_PO_NO)  values('GC0016', '飞歌汽车音响', 'FA-PO-20100521051','','','DZ03V0033R0','GCRH5D28-470NC','5D28 47UH +/-25%',null,'',30000,.65,19500,'2010-11-02','GV0005', 30000,'P10031599');
insert into t_vendor_order(po_no,SHORT_NAME, c_code,order_time,create_time) values('P10031599','今凯','GV0005', now(), now());
insert into t_vendor_order_detail(c_code, SHORT_NAME, po_no, staff_id,staff_name,SETTLEMENT_TYPE,PO_NO_TYPE, c_part_no, part_no, pn_desc, comm_desc, spec_desc, amount, c_price, money, org_delivery_date,CUST_C_CODE,RLT_ORDER_PO_NO)  values('GV0005', '今凯', 'P10031599','','','','0','CKRH5D28-470NC','GCRH5D28-470NC','5D28 47UH +/-25%',null,'',30000,.45,13500,'2010-11-01','GC0016','FA-PO-20100521051');
insert into t_cust_order(po_no,SHORT_NAME, c_code,order_time,first_create_time,create_time) values('GH20100209','宏泰安达','GC0062', now(), now(), now());
insert into t_cust_order_detail(c_code, SHORT_NAME, po_no, staff_id,sales_id, c_part_no, part_no, pn_desc, comm_desc, spec_desc, amount, c_price, money, org_delivery_date,vendor_code,ORDERAMOUNT,RLT_ORDER_PO_NO)  values('GC0062', '宏泰安达', 'GH20100209','','','GCRH4D28-151NC','GCRH4D28-151NC','4D28 150UH +/-25% 240MA',null,'',8000,.6,4800,'2010-08-09','GV0005', 8000,'P10031695RVE.01');
insert into t_vendor_order(po_no,SHORT_NAME, c_code,order_time,create_time) values('P10031695RVE.01','今凯','GV0005', now(), now());
insert into t_vendor_order_detail(c_code, SHORT_NAME, po_no, staff_id,staff_name,SETTLEMENT_TYPE,PO_NO_TYPE, c_part_no, part_no, pn_desc, comm_desc, spec_desc, amount, c_price, money, org_delivery_date,CUST_C_CODE,RLT_ORDER_PO_NO)  values('GV0005', '今凯', 'P10031695RVE.01','','','','0','CKRH4D28-151NC','GCRH4D28-151NC','4D28 150UH +/-25% 240MA',null,'',8000,.45,3600,'2010-08-10','GC0062','GH20100209');
insert into t_cust_order(po_no,SHORT_NAME, c_code,order_time,first_create_time,create_time) values('1005216','创力仕实业','GC0013', now(), now(), now());
insert into t_cust_order_detail(c_code, SHORT_NAME, po_no, staff_id,sales_id, c_part_no, part_no, pn_desc, comm_desc, spec_desc, amount, c_price, money, org_delivery_date,vendor_code,ORDERAMOUNT,RLT_ORDER_PO_NO)  values('GC0013', '创力仕实业', '1005216','','','FSMR-DLW21SN181S','DLW21SN181SQ2L','0805 180 OHM',null,'',8000,.77,6160,'2010-07-02','GV0012', 8000,'P10031786');
insert into t_vendor_order(po_no,SHORT_NAME, c_code,order_time,create_time) values('P10031786','威雅利','GV0012', now(), now());
insert into t_vendor_order_detail(c_code, SHORT_NAME, po_no, staff_id,staff_name,SETTLEMENT_TYPE,PO_NO_TYPE, c_part_no, part_no, pn_desc, comm_desc, spec_desc, amount, c_price, money, org_delivery_date,CUST_C_CODE,RLT_ORDER_PO_NO)  values('GV0012', '威雅利', 'P10031786','','','','0','DLW21SN181SQ2L','DLW21SN181SQ2L','0805 180 OHM',null,'',8000,.068,544,'2010-07-02','GC0013','1005216');
insert into t_cust_order_detail(c_code, SHORT_NAME, po_no, staff_id,sales_id, c_part_no, part_no, pn_desc, comm_desc, spec_desc, amount, c_price, money, org_delivery_date,vendor_code,ORDERAMOUNT,RLT_ORDER_PO_NO)  values('GC0016', '飞歌汽车音响', 'FA-PO-20100521051','','','DZ03V0022R0','GCRH74-102M','74 1000UH +/-20%',null,'',15000,.74,11100,'2010-11-02','GV0005', 15000,'P10031812');
insert into t_vendor_order(po_no,SHORT_NAME, c_code,order_time,create_time) values('P10031812','今凯','GV0005', now(), now());
insert into t_vendor_order_detail(c_code, SHORT_NAME, po_no, staff_id,staff_name,SETTLEMENT_TYPE,PO_NO_TYPE, c_part_no, part_no, pn_desc, comm_desc, spec_desc, amount, c_price, money, org_delivery_date,CUST_C_CODE,RLT_ORDER_PO_NO)  values('GV0005', '今凯', 'P10031812','','','','0','CKRH74-102M','GCRH74-102M','74 1000UH +/-20%',null,'',15000,.605,9075,'2010-08-10','GC0016','FA-PO-20100521051');
insert into t_cust_order(po_no,SHORT_NAME, c_code,order_time,first_create_time,create_time) values('100605','鸿莱克斯','GC0050', now(), now(), now());
insert into t_cust_order_detail(c_code, SHORT_NAME, po_no, staff_id,sales_id, c_part_no, part_no, pn_desc, comm_desc, spec_desc, amount, c_price, money, org_delivery_date,vendor_code,ORDERAMOUNT,RLT_ORDER_PO_NO)  values('GC0050', '鸿莱克斯', '100605','','','15010002','GCD43-471M','43 470UH +/-20%',null,'',32000,.25,8000,'2010-08-09','GV0005', 32000,'P10031856');
insert into t_vendor_order(po_no,SHORT_NAME, c_code,order_time,create_time) values('P10031856','今凯','GV0005', now(), now());
insert into t_vendor_order_detail(c_code, SHORT_NAME, po_no, staff_id,staff_name,SETTLEMENT_TYPE,PO_NO_TYPE, c_part_no, part_no, pn_desc, comm_desc, spec_desc, amount, c_price, money, org_delivery_date,CUST_C_CODE,RLT_ORDER_PO_NO)  values('GV0005', '今凯', 'P10031856','','','','0','CKD43-471M','GCD43-471M','43 470UH +/-20%',null,'',32000,.23,7360,'2010-08-10','GC0050','100605');
insert into t_cust_order(po_no,SHORT_NAME, c_code,order_time,first_create_time,create_time) values('100540-3080-11','杰信','GC0104', now(), now(), now());
insert into t_cust_order_detail(c_code, SHORT_NAME, po_no, staff_id,sales_id, c_part_no, part_no, pn_desc, comm_desc, spec_desc, amount, c_price, money, org_delivery_date,vendor_code,ORDERAMOUNT,RLT_ORDER_PO_NO)  values('GC0104', '杰信', '100540-3080-11','','','KV1471E','KV1471E','TOKO',null,'',24000,.06,1440,'2010-05-04','GV0015', 24000,'P10031877RVE.01');
insert into t_vendor_order(po_no,SHORT_NAME, c_code,order_time,create_time) values('P10031877RVE.01','坚发林生','GV0015', now(), now());
insert into t_vendor_order_detail(c_code, SHORT_NAME, po_no, staff_id,staff_name,SETTLEMENT_TYPE,PO_NO_TYPE, c_part_no, part_no, pn_desc, comm_desc, spec_desc, amount, c_price, money, org_delivery_date,CUST_C_CODE,RLT_ORDER_PO_NO)  values('GV0015', '坚发林生', 'P10031877RVE.01','','','','0','KV1471ETR','KV1471E','TOKO',null,'',24000,.054,1296,'2010-08-10','GC0104','100540-3080-11');
insert into t_cust_order(po_no,SHORT_NAME, c_code,order_time,first_create_time,create_time) values('10061002','长沙世邦','GC0096', now(), now(), now());
insert into t_cust_order_detail(c_code, SHORT_NAME, po_no, staff_id,sales_id, c_part_no, part_no, pn_desc, comm_desc, spec_desc, amount, c_price, money, org_delivery_date,vendor_code,ORDERAMOUNT,RLT_ORDER_PO_NO)  values('GC0096', '长沙世邦', '10061002','','','16RHBP-150M','16RHBP-150M','TOKO',null,'',2000,5.5,11000,'2010-08-01','GV0015', 2000,'P10031877RVE.01');
insert into t_vendor_order_detail(c_code, SHORT_NAME, po_no, staff_id,staff_name,SETTLEMENT_TYPE,PO_NO_TYPE, c_part_no, part_no, pn_desc, comm_desc, spec_desc, amount, c_price, money, org_delivery_date,CUST_C_CODE,RLT_ORDER_PO_NO)  values('GV0015', '坚发林生', 'P10031877RVE.01','','','','0','16RHBP-150M','16RHBP-150M','TOKO',null,'',2000,.33,660,'2010-08-10','GC0096','10061002');
insert into t_cust_order(po_no,SHORT_NAME, c_code,order_time,first_create_time,create_time) values('GH20100207','七蒙电子','GC0007', now(), now(), now());
insert into t_cust_order_detail(c_code, SHORT_NAME, po_no, staff_id,sales_id, c_part_no, part_no, pn_desc, comm_desc, spec_desc, amount, c_price, money, org_delivery_date,vendor_code,ORDERAMOUNT,RLT_ORDER_PO_NO)  values('GC0007', '七蒙电子', 'GH20100207','','','#919AS-1R8N=P3','#919AS-1R8N=P3','TOKO',null,'',1500,2.2,3300,'2010-08-09','GV0013', 1500,'P10031877RVE.02');
insert into t_vendor_order(po_no,SHORT_NAME, c_code,order_time,create_time) values('P10031877RVE.02','坚发','GV0013', now(), now());
insert into t_vendor_order_detail(c_code, SHORT_NAME, po_no, staff_id,staff_name,SETTLEMENT_TYPE,PO_NO_TYPE, c_part_no, part_no, pn_desc, comm_desc, spec_desc, amount, c_price, money, org_delivery_date,CUST_C_CODE,RLT_ORDER_PO_NO)  values('GV0013', '坚发', 'P10031877RVE.02','','','','0','#919AS-1R8N=P3','#919AS-1R8N=P3','TOKO',null,'',1500,1.3,1950,'2010-08-10','GC0007','GH20100207');
insert into t_cust_order_detail(c_code, SHORT_NAME, po_no, staff_id,sales_id, c_part_no, part_no, pn_desc, comm_desc, spec_desc, amount, c_price, money, org_delivery_date,vendor_code,ORDERAMOUNT,RLT_ORDER_PO_NO)  values('GC0115', '科翔', '100707002','','','ELJPC100KF','ELJPC100KF-G','2520 10UH +/-10%低内阻',null,'',30000,.01932,579.6,'2010-08-28','GV0001', 30000,'P10031938RVE.01');
insert into t_vendor_order(po_no,SHORT_NAME, c_code,order_time,create_time) values('P10031938RVE.01','科翔兴','GV0001', now(), now());
insert into t_vendor_order_detail(c_code, SHORT_NAME, po_no, staff_id,staff_name,SETTLEMENT_TYPE,PO_NO_TYPE, c_part_no, part_no, pn_desc, comm_desc, spec_desc, amount, c_price, money, org_delivery_date,CUST_C_CODE,RLT_ORDER_PO_NO)  values('GV0001', '科翔兴', 'P10031938RVE.01','','','','0','ELJPC100KF','ELJPC100KF-G','2520 10UH +/-10%低内阻',null,'',30000,.0192,576,'2010-08-20','GC0115','100707002');
insert into t_cust_order_detail(c_code, SHORT_NAME, po_no, staff_id,sales_id, c_part_no, part_no, pn_desc, comm_desc, spec_desc, amount, c_price, money, org_delivery_date,vendor_code,ORDERAMOUNT,RLT_ORDER_PO_NO)  values('GC0115', '科翔', '100803002','','','ELJFC680KF','ELJFC680KF-G','2520 68UH +/-10%',null,'',2000,.01932,38.64,'2010-09-25','GV0001', 2000,'P10031938RVE.01');
insert into t_vendor_order_detail(c_code, SHORT_NAME, po_no, staff_id,staff_name,SETTLEMENT_TYPE,PO_NO_TYPE, c_part_no, part_no, pn_desc, comm_desc, spec_desc, amount, c_price, money, org_delivery_date,CUST_C_CODE,RLT_ORDER_PO_NO)  values('GV0001', '科翔兴', 'P10031938RVE.01','','','','0','ELJFC680KF','ELJFC680KF-G','2520 68UH +/-10%',null,'',2000,.0192,38.4,'2010-08-15','GC0115','100803002');
insert into t_cust_order_detail(c_code, SHORT_NAME, po_no, staff_id,sales_id, c_part_no, part_no, pn_desc, comm_desc, spec_desc, amount, c_price, money, org_delivery_date,vendor_code,ORDERAMOUNT,RLT_ORDER_PO_NO)  values('GC0115', '科翔', '100803002','','','ELJPC100KF','ELJPC100KF-G','2520 10UH +/-10%低内阻',null,'',60000,.01932,1159.2,'2010-09-25','GV0001', 60000,'P10031938RVE.01');
insert into t_vendor_order_detail(c_code, SHORT_NAME, po_no, staff_id,staff_name,SETTLEMENT_TYPE,PO_NO_TYPE, c_part_no, part_no, pn_desc, comm_desc, spec_desc, amount, c_price, money, org_delivery_date,CUST_C_CODE,RLT_ORDER_PO_NO)  values('GV0001', '科翔兴', 'P10031938RVE.01','','','','0','ELJPC100KF','ELJPC100KF-G','2520 10UH +/-10%低内阻',null,'',60000,.0192,1152,'2010-08-20','GC0115','100803002');
insert into t_cust_order(po_no,SHORT_NAME, c_code,order_time,first_create_time,create_time) values('2010080502','保千里','GC0064', now(), now(), now());
insert into t_cust_order_detail(c_code, SHORT_NAME, po_no, staff_id,sales_id, c_part_no, part_no, pn_desc, comm_desc, spec_desc, amount, c_price, money, org_delivery_date,vendor_code,ORDERAMOUNT,RLT_ORDER_PO_NO)  values('GC0064', '保千里', '2010080502','','','2520 10UH','ELJPC100KF-G','2520 10UH +/-10%低内阻',null,'',30000,.19,5700,'2010-08-09','GV0001', 30000,'P10031938RVE.01');
insert into t_vendor_order_detail(c_code, SHORT_NAME, po_no, staff_id,staff_name,SETTLEMENT_TYPE,PO_NO_TYPE, c_part_no, part_no, pn_desc, comm_desc, spec_desc, amount, c_price, money, org_delivery_date,CUST_C_CODE,RLT_ORDER_PO_NO)  values('GV0001', '科翔兴', 'P10031938RVE.01','','','','0','ELJPC100KF','ELJPC100KF-G','2520 10UH +/-10%低内阻',null,'',30000,.0192,576,'2010-08-20','GC0064','2010080502');
insert into t_cust_order(po_no,SHORT_NAME, c_code,order_time,first_create_time,create_time) values('10070201','海比克','GC0009', now(), now(), now());
insert into t_cust_order_detail(c_code, SHORT_NAME, po_no, staff_id,sales_id, c_part_no, part_no, pn_desc, comm_desc, spec_desc, amount, c_price, money, org_delivery_date,vendor_code,ORDERAMOUNT,RLT_ORDER_PO_NO)  values('GC0009', '海比克', '10070201','','','ELJPA680KF','ELJPA680KF-G','3225 68UH +/-10%低内阻',null,'',14000,.18,2520,'2010-08-15','GV0001', 14000,'P10031938RVE.01');
insert into t_vendor_order_detail(c_code, SHORT_NAME, po_no, staff_id,staff_name,SETTLEMENT_TYPE,PO_NO_TYPE, c_part_no, part_no, pn_desc, comm_desc, spec_desc, amount, c_price, money, org_delivery_date,CUST_C_CODE,RLT_ORDER_PO_NO)  values('GV0001', '科翔兴', 'P10031938RVE.01','','','','0','ELJPA680KF','ELJPA680KF-G','3225 68UH +/-10%低内阻',null,'',14000,.0192,268.8,'2010-08-15','GC0009','10070201');
insert into t_cust_order(po_no,SHORT_NAME, c_code,order_time,first_create_time,create_time) values('11004121411','东日信博','GC0012', now(), now(), now());
insert into t_cust_order_detail(c_code, SHORT_NAME, po_no, staff_id,sales_id, c_part_no, part_no, pn_desc, comm_desc, spec_desc, amount, c_price, money, org_delivery_date,vendor_code,ORDERAMOUNT,RLT_ORDER_PO_NO)  values('GC0012', '东日信博', '11004121411','','','4532-10UH','ELJPB100KF-G','4532 10UH +/-10%低内阻',null,'',13500,.55,7425,'2010-08-10','GV0001', 13500,'P10031938RVE.01');
insert into t_vendor_order_detail(c_code, SHORT_NAME, po_no, staff_id,staff_name,SETTLEMENT_TYPE,PO_NO_TYPE, c_part_no, part_no, pn_desc, comm_desc, spec_desc, amount, c_price, money, org_delivery_date,CUST_C_CODE,RLT_ORDER_PO_NO)  values('GV0001', '科翔兴', 'P10031938RVE.01','','','','0','ELJPB100KF','ELJPB100KF-G','4532 10UH +/-10%低内阻',null,'',13500,.04653,628.155,'2010-08-15','GC0012','11004121411');
insert into t_cust_order_detail(c_code, SHORT_NAME, po_no, staff_id,sales_id, c_part_no, part_no, pn_desc, comm_desc, spec_desc, amount, c_price, money, org_delivery_date,vendor_code,ORDERAMOUNT,RLT_ORDER_PO_NO)  values('GC0014', '罡扇广联', 'GH20100165','','','2520 22UH','ELJFC220JF-G','2520 22UH +/-5%',null,'',100000,.16,16000,'2010-08-10','GV0001', 100000,'P10031938RVE.01');
insert into t_vendor_order_detail(c_code, SHORT_NAME, po_no, staff_id,staff_name,SETTLEMENT_TYPE,PO_NO_TYPE, c_part_no, part_no, pn_desc, comm_desc, spec_desc, amount, c_price, money, org_delivery_date,CUST_C_CODE,RLT_ORDER_PO_NO)  values('GV0001', '科翔兴', 'P10031938RVE.01','','','','0','ELJFC220JF','ELJFC220JF-G','2520 22UH +/-5%',null,'',100000,.0192,1920,'2010-08-15','GC0014','GH20100165');
insert into t_cust_order(po_no,SHORT_NAME, c_code,order_time,first_create_time,create_time) values('GH20100217','罡扇广联','GC0014', now(), now(), now());
insert into t_cust_order_detail(c_code, SHORT_NAME, po_no, staff_id,sales_id, c_part_no, part_no, pn_desc, comm_desc, spec_desc, amount, c_price, money, org_delivery_date,vendor_code,ORDERAMOUNT,RLT_ORDER_PO_NO)  values('GC0014', '罡扇广联', 'GH20100217','','','2520 22UH','ELJFC220JF-G','2520 22UH +/-5%',null,'',200000,.16,32000,'2010-08-10','GV0001', 200000,'P10031938RVE.01');
insert into t_vendor_order_detail(c_code, SHORT_NAME, po_no, staff_id,staff_name,SETTLEMENT_TYPE,PO_NO_TYPE, c_part_no, part_no, pn_desc, comm_desc, spec_desc, amount, c_price, money, org_delivery_date,CUST_C_CODE,RLT_ORDER_PO_NO)  values('GV0001', '科翔兴', 'P10031938RVE.01','','','','0','ELJFC220JF','ELJFC220JF-G','2520 22UH +/-5%',null,'',200000,.0192,3840,'2010-08-15','GC0014','GH20100217');
insert into t_cust_order_detail(c_code, SHORT_NAME, po_no, staff_id,sales_id, c_part_no, part_no, pn_desc, comm_desc, spec_desc, amount, c_price, money, org_delivery_date,vendor_code,ORDERAMOUNT,RLT_ORDER_PO_NO)  values('GC0006', '喜恩碧', 'PO1005-055','','','LC00039CK2','ELJFC390KF-G','2520 39UH +/-10%',null,'',10000,.21067371,2106.7371,'2010-06-15','GV0001', 10000,'P10031938RVE.01');
insert into t_vendor_order_detail(c_code, SHORT_NAME, po_no, staff_id,staff_name,SETTLEMENT_TYPE,PO_NO_TYPE, c_part_no, part_no, pn_desc, comm_desc, spec_desc, amount, c_price, money, org_delivery_date,CUST_C_CODE,RLT_ORDER_PO_NO)  values('GV0001', '科翔兴', 'P10031938RVE.01','','','','0','ELJFC390KF','ELJFC390KF-G','2520 39UH +/-10%',null,'',10000,.0192,192,'2010-08-15','GC0006','PO1005-055');
insert into t_cust_order_detail(c_code, SHORT_NAME, po_no, staff_id,sales_id, c_part_no, part_no, pn_desc, comm_desc, spec_desc, amount, c_price, money, org_delivery_date,vendor_code,ORDERAMOUNT,RLT_ORDER_PO_NO)  values('GC0006', '喜恩碧', 'PO1005-055','','','LC002R2CM2','ELJPC2R2MF-G','2520 2.2UH +/-20%低内阻',null,'',26000,.21067371,5477.51646,'2010-06-15','GV0001', 26000,'P10031938RVE.01');
insert into t_vendor_order_detail(c_code, SHORT_NAME, po_no, staff_id,staff_name,SETTLEMENT_TYPE,PO_NO_TYPE, c_part_no, part_no, pn_desc, comm_desc, spec_desc, amount, c_price, money, org_delivery_date,CUST_C_CODE,RLT_ORDER_PO_NO)  values('GV0001', '科翔兴', 'P10031938RVE.01','','','','0','ELJPC2R2MF','ELJPC2R2MF-G','2520 2.2UH +/-20%低内阻',null,'',26000,.0192,499.2,'2010-08-10','GC0006','PO1005-055');
insert into t_cust_order(po_no,SHORT_NAME, c_code,order_time,first_create_time,create_time) values('PO1005-190','喜恩碧','GC0006', now(), now(), now());
insert into t_cust_order_detail(c_code, SHORT_NAME, po_no, staff_id,sales_id, c_part_no, part_no, pn_desc, comm_desc, spec_desc, amount, c_price, money, org_delivery_date,vendor_code,ORDERAMOUNT,RLT_ORDER_PO_NO)  values('GC0006', '喜恩碧', 'PO1005-190','','','LC00022EK1','ELJFB220KF-G','4532 22UH +/-10%',null,'',6000,.50307075,3018.4245,'2010-07-05','GV0001', 6000,'P10031938RVE.01');
insert into t_vendor_order_detail(c_code, SHORT_NAME, po_no, staff_id,staff_name,SETTLEMENT_TYPE,PO_NO_TYPE, c_part_no, part_no, pn_desc, comm_desc, spec_desc, amount, c_price, money, org_delivery_date,CUST_C_CODE,RLT_ORDER_PO_NO)  values('GV0001', '科翔兴', 'P10031938RVE.01','','','','0','ELJFB220KF','ELJFB220KF-G','4532 22UH +/-10%',null,'',6000,.04451,267.06,'2010-08-15','GC0006','PO1005-190');
insert into t_cust_order_detail(c_code, SHORT_NAME, po_no, staff_id,sales_id, c_part_no, part_no, pn_desc, comm_desc, spec_desc, amount, c_price, money, org_delivery_date,vendor_code,ORDERAMOUNT,RLT_ORDER_PO_NO)  values('GC0006', '喜恩碧', 'PO1006-074','','','LC00068CK1','ELJFC680KF-G','2520 68UH +/-10%',null,'',18000,.21067371,3792.12678,'2010-07-10','GV0001', 18000,'P10031938RVE.01');
insert into t_vendor_order_detail(c_code, SHORT_NAME, po_no, staff_id,staff_name,SETTLEMENT_TYPE,PO_NO_TYPE, c_part_no, part_no, pn_desc, comm_desc, spec_desc, amount, c_price, money, org_delivery_date,CUST_C_CODE,RLT_ORDER_PO_NO)  values('GV0001', '科翔兴', 'P10031938RVE.01','','','','0','ELJFC680KF','ELJFC680KF-G','2520 68UH +/-10%',null,'',18000,.0192,345.6,'2010-08-15','GC0006','PO1006-074');
insert into t_cust_order(po_no,SHORT_NAME, c_code,order_time,first_create_time,create_time) values('PO1006-101','喜恩碧','GC0006', now(), now(), now());
insert into t_cust_order_detail(c_code, SHORT_NAME, po_no, staff_id,sales_id, c_part_no, part_no, pn_desc, comm_desc, spec_desc, amount, c_price, money, org_delivery_date,vendor_code,ORDERAMOUNT,RLT_ORDER_PO_NO)  values('GC0006', '喜恩碧', 'PO1006-101','','','LC002R2DM2','ELJPA2R2MF-G','3225 2.2UH +/-20%低内阻',null,'',20000,.21067371,4213.4742,'2010-07-20','GV0001', 20000,'P10031938RVE.01');
insert into t_vendor_order_detail(c_code, SHORT_NAME, po_no, staff_id,staff_name,SETTLEMENT_TYPE,PO_NO_TYPE, c_part_no, part_no, pn_desc, comm_desc, spec_desc, amount, c_price, money, org_delivery_date,CUST_C_CODE,RLT_ORDER_PO_NO)  values('GV0001', '科翔兴', 'P10031938RVE.01','','','','0','ELJPA2R2MF','ELJPA2R2MF-G','3225 2.2UH +/-20%低内阻',null,'',20000,.0192,384,'2010-08-15','GC0006','PO1006-101');
insert into t_cust_order_detail(c_code, SHORT_NAME, po_no, staff_id,sales_id, c_part_no, part_no, pn_desc, comm_desc, spec_desc, amount, c_price, money, org_delivery_date,vendor_code,ORDERAMOUNT,RLT_ORDER_PO_NO)  values('GC0006', '喜恩碧', 'PO1006-201','','','LC00022EK1','ELJFB220KF-G','4532 22UH +/-10%',null,'',1000,.50307075,503.07075,'2010-08-05','GV0001', 1000,'P10031938RVE.01');
insert into t_vendor_order_detail(c_code, SHORT_NAME, po_no, staff_id,staff_name,SETTLEMENT_TYPE,PO_NO_TYPE, c_part_no, part_no, pn_desc, comm_desc, spec_desc, amount, c_price, money, org_delivery_date,CUST_C_CODE,RLT_ORDER_PO_NO)  values('GV0001', '科翔兴', 'P10031938RVE.01','','','','0','ELJFB220KF','ELJFB220KF-G','4532 22UH +/-10%',null,'',1000,.04451,44.51,'2010-08-15','GC0006','PO1006-201');
insert into t_cust_order_detail(c_code, SHORT_NAME, po_no, staff_id,sales_id, c_part_no, part_no, pn_desc, comm_desc, spec_desc, amount, c_price, money, org_delivery_date,vendor_code,ORDERAMOUNT,RLT_ORDER_PO_NO)  values('GC0006', '喜恩碧', 'PO1006-201','','','LC004R7DM2','ELJPA4R7MF-G','3225 4.7UH +/-20%低内阻',null,'',20000,.21067371,4213.4742,'2010-08-05','GV0001', 20000,'P10031938RVE.01');
insert into t_vendor_order_detail(c_code, SHORT_NAME, po_no, staff_id,staff_name,SETTLEMENT_TYPE,PO_NO_TYPE, c_part_no, part_no, pn_desc, comm_desc, spec_desc, amount, c_price, money, org_delivery_date,CUST_C_CODE,RLT_ORDER_PO_NO)  values('GV0001', '科翔兴', 'P10031938RVE.01','','','','0','ELJPA4R7MF','ELJPA4R7MF-G','3225 4.7UH +/-20%低内阻',null,'',20000,.0192,384,'2010-08-10','GC0006','PO1006-201');
insert into t_cust_order(po_no,SHORT_NAME, c_code,order_time,first_create_time,create_time) values('PO1007-111','喜恩碧','GC0006', now(), now(), now());
insert into t_cust_order_detail(c_code, SHORT_NAME, po_no, staff_id,sales_id, c_part_no, part_no, pn_desc, comm_desc, spec_desc, amount, c_price, money, org_delivery_date,vendor_code,ORDERAMOUNT,RLT_ORDER_PO_NO)  values('GC0006', '喜恩碧', 'PO1007-111','','','LC002R2CM2','ELJPC2R2MF-G','2520 2.2UH +/-20%低内阻',null,'',20000,.21067371,4213.4742,'2010-09-01','GV0001', 20000,'P10031938RVE.01');
insert into t_vendor_order_detail(c_code, SHORT_NAME, po_no, staff_id,staff_name,SETTLEMENT_TYPE,PO_NO_TYPE, c_part_no, part_no, pn_desc, comm_desc, spec_desc, amount, c_price, money, org_delivery_date,CUST_C_CODE,RLT_ORDER_PO_NO)  values('GV0001', '科翔兴', 'P10031938RVE.01','','','','0','ELJPC2R2MF','ELJPC2R2MF-G','2520 2.2UH +/-20%低内阻',null,'',20000,.0192,384,'2010-08-10','GC0006','PO1007-111');
insert into t_cust_order_detail(c_code, SHORT_NAME, po_no, staff_id,sales_id, c_part_no, part_no, pn_desc, comm_desc, spec_desc, amount, c_price, money, org_delivery_date,vendor_code,ORDERAMOUNT,RLT_ORDER_PO_NO)  values('GC0070', '富视安', 'PO10080216','','','09-50-R1100','ELJPB100KF-G','4532 10UH +/-10%低内阻',null,'',3000,.45,1350,'2010-08-03','GV0001', 3000,'P10031938RVE.01');
insert into t_vendor_order_detail(c_code, SHORT_NAME, po_no, staff_id,staff_name,SETTLEMENT_TYPE,PO_NO_TYPE, c_part_no, part_no, pn_desc, comm_desc, spec_desc, amount, c_price, money, org_delivery_date,CUST_C_CODE,RLT_ORDER_PO_NO)  values('GV0001', '科翔兴', 'P10031938RVE.01','','','','0','ELJPB100KF','ELJPB100KF-G','4532 10UH +/-10%低内阻',null,'',3000,.04653,139.59,'2010-08-15','GC0070','PO10080216');
insert into t_cust_order(po_no,SHORT_NAME, c_code,order_time,first_create_time,create_time) values('TTL100714-022','同创时代','GC0113', now(), now(), now());
insert into t_cust_order_detail(c_code, SHORT_NAME, po_no, staff_id,sales_id, c_part_no, part_no, pn_desc, comm_desc, spec_desc, amount, c_price, money, org_delivery_date,vendor_code,ORDERAMOUNT,RLT_ORDER_PO_NO)  values('GC0113', '同创时代', 'TTL100714-022','','','ELJPC2R2MF','ELJPC2R2MF-G','2520 2.2UH +/-20%低内阻',null,'',4000,.0226,90.4,'2010-08-30','GV0001', 4000,'P10031938RVE.01');
insert into t_vendor_order_detail(c_code, SHORT_NAME, po_no, staff_id,staff_name,SETTLEMENT_TYPE,PO_NO_TYPE, c_part_no, part_no, pn_desc, comm_desc, spec_desc, amount, c_price, money, org_delivery_date,CUST_C_CODE,RLT_ORDER_PO_NO)  values('GV0001', '科翔兴', 'P10031938RVE.01','','','','0','ELJPC2R2MF','ELJPC2R2MF-G','2520 2.2UH +/-20%低内阻',null,'',4000,.0192,76.8,'2010-08-10','GC0113','TTL100714-022');
insert into t_cust_order(po_no,SHORT_NAME, c_code,order_time,first_create_time,create_time) values('FA-PO-A2010061901','飞歌汽车音响','GC0016', now(), now(), now());
insert into t_cust_order_detail(c_code, SHORT_NAME, po_no, staff_id,sales_id, c_part_no, part_no, pn_desc, comm_desc, spec_desc, amount, c_price, money, org_delivery_date,vendor_code,ORDERAMOUNT,RLT_ORDER_PO_NO)  values('GC0016', '飞歌汽车音响', 'FA-PO-A2010061901','','','DZ03V0025R0','GCRH5D28-100M','5D28 10UH',null,'',4000,.65,2600,'2010-09-02','GV0005', 4000,'P10032066');
insert into t_vendor_order(po_no,SHORT_NAME, c_code,order_time,create_time) values('P10032066','今凯','GV0005', now(), now());
insert into t_vendor_order_detail(c_code, SHORT_NAME, po_no, staff_id,staff_name,SETTLEMENT_TYPE,PO_NO_TYPE, c_part_no, part_no, pn_desc, comm_desc, spec_desc, amount, c_price, money, org_delivery_date,CUST_C_CODE,RLT_ORDER_PO_NO)  values('GV0005', '今凯', 'P10032066','','','','0','CKRH5D28-100M','GCRH5D28-100M','5D28 10UH +/-20%',null,'',4000,.45,1800,'2010-08-10','GC0016','FA-PO-A2010061901');
insert into t_cust_order_detail(c_code, SHORT_NAME, po_no, staff_id,sales_id, c_part_no, part_no, pn_desc, comm_desc, spec_desc, amount, c_price, money, org_delivery_date,vendor_code,ORDERAMOUNT,RLT_ORDER_PO_NO)  values('GC0016', '飞歌汽车音响', 'FA-PO-A2010061901','','','DZ03V0033R0','GCRH5D28-470NC','5D28 47UH +/-25%',null,'',82000,.65,53300,'2010-09-02','GV0005', 82000,'P10032066');
insert into t_vendor_order_detail(c_code, SHORT_NAME, po_no, staff_id,staff_name,SETTLEMENT_TYPE,PO_NO_TYPE, c_part_no, part_no, pn_desc, comm_desc, spec_desc, amount, c_price, money, org_delivery_date,CUST_C_CODE,RLT_ORDER_PO_NO)  values('GV0005', '今凯', 'P10032066','','','','0','CKRH5D28-470NC','GCRH5D28-470NC','5D28 47UH +/-25%',null,'',82000,.45,36900,'2010-08-10','GC0016','FA-PO-A2010061901');
insert into t_cust_order_detail(c_code, SHORT_NAME, po_no, staff_id,sales_id, c_part_no, part_no, pn_desc, comm_desc, spec_desc, amount, c_price, money, org_delivery_date,vendor_code,ORDERAMOUNT,RLT_ORDER_PO_NO)  values('GC0083', '昱鑫共创', 'YX10071509','','','101 4D28','GCRH4D28-101M','4D28 100UH +/-20%',null,'可确定明细',3000,.56,1680,'2010-07-18','GV0005', 3000,'P10032066');
insert into t_vendor_order_detail(c_code, SHORT_NAME, po_no, staff_id,staff_name,SETTLEMENT_TYPE,PO_NO_TYPE, c_part_no, part_no, pn_desc, comm_desc, spec_desc, amount, c_price, money, org_delivery_date,CUST_C_CODE,RLT_ORDER_PO_NO)  values('GV0005', '今凯', 'P10032066','','','','0','CKRH4D28-101M','GCRH4D28-101M','4D28 100UH +/-20%',null,'可确定明细',3000,.45,1350,'2010-08-10','GC0083','YX10071509');
insert into t_cust_order(po_no,SHORT_NAME, c_code,order_time,first_create_time,create_time) values('FA-PO-A2010062603','飞歌汽车音响','GC0016', now(), now(), now());
insert into t_cust_order_detail(c_code, SHORT_NAME, po_no, staff_id,sales_id, c_part_no, part_no, pn_desc, comm_desc, spec_desc, amount, c_price, money, org_delivery_date,vendor_code,ORDERAMOUNT,RLT_ORDER_PO_NO)  values('GC0016', '飞歌汽车音响', 'FA-PO-A2010062603','','','DZ03V0009R0','GCRH125-470M','125 47UH +/-20%',null,'',2000,.75,1500,'2010-09-05','GV0005', 2000,'P10032188');
insert into t_vendor_order(po_no,SHORT_NAME, c_code,order_time,create_time) values('P10032188','今凯','GV0005', now(), now());
insert into t_vendor_order_detail(c_code, SHORT_NAME, po_no, staff_id,staff_name,SETTLEMENT_TYPE,PO_NO_TYPE, c_part_no, part_no, pn_desc, comm_desc, spec_desc, amount, c_price, money, org_delivery_date,CUST_C_CODE,RLT_ORDER_PO_NO)  values('GV0005', '今凯', 'P10032188','','','','0','CKRH125-470M','GCRH125-470M','125 47UH +/-20%',null,'',2000,.66,1320,'2010-08-10','GC0016','FA-PO-A2010062603');
insert into t_cust_order_detail(c_code, SHORT_NAME, po_no, staff_id,sales_id, c_part_no, part_no, pn_desc, comm_desc, spec_desc, amount, c_price, money, org_delivery_date,vendor_code,ORDERAMOUNT,RLT_ORDER_PO_NO)  values('GC0016', '飞歌汽车音响', 'FA-PO-A2010062603','','','DZ03V0025R0','GCRH5D28-100M','5D28 10UH',null,'',4000,.65,2600,'2010-09-05','GV0005', 4000,'P10032188');
insert into t_vendor_order_detail(c_code, SHORT_NAME, po_no, staff_id,staff_name,SETTLEMENT_TYPE,PO_NO_TYPE, c_part_no, part_no, pn_desc, comm_desc, spec_desc, amount, c_price, money, org_delivery_date,CUST_C_CODE,RLT_ORDER_PO_NO)  values('GV0005', '今凯', 'P10032188','','','','0','CKRH5D28-100M','GCRH5D28-100M','5D28 10UH +/-20%',null,'',4000,.45,1800,'2010-08-10','GC0016','FA-PO-A2010062603');
insert into t_cust_order_detail(c_code, SHORT_NAME, po_no, staff_id,sales_id, c_part_no, part_no, pn_desc, comm_desc, spec_desc, amount, c_price, money, org_delivery_date,vendor_code,ORDERAMOUNT,RLT_ORDER_PO_NO)  values('GC0016', '飞歌汽车音响', 'FA-PO-A2010062603','','','DZ03V0033R0','GCRH5D28-470NC','5D28 47UH +/-25%',null,'',82000,.65,53300,'2010-09-05','GV0005', 82000,'P10032188');
insert into t_vendor_order_detail(c_code, SHORT_NAME, po_no, staff_id,staff_name,SETTLEMENT_TYPE,PO_NO_TYPE, c_part_no, part_no, pn_desc, comm_desc, spec_desc, amount, c_price, money, org_delivery_date,CUST_C_CODE,RLT_ORDER_PO_NO)  values('GV0005', '今凯', 'P10032188','','','','0','CKRH5D28-470NC','GCRH5D28-470NC','5D28 47UH +/-25%',null,'',82000,.45,36900,'2010-08-10','GC0016','FA-PO-A2010062603');
insert into t_cust_order_detail(c_code, SHORT_NAME, po_no, staff_id,sales_id, c_part_no, part_no, pn_desc, comm_desc, spec_desc, amount, c_price, money, org_delivery_date,vendor_code,ORDERAMOUNT,RLT_ORDER_PO_NO)  values('GC0016', '飞歌汽车音响', 'FA-PO-A2010063002','','','DZ03V0009R0','GCRH125-470M','125 47UH +/-20%',null,'',10000,.75,7500,'2010-10-18','GV0005', 10000,'P10032188');
insert into t_vendor_order_detail(c_code, SHORT_NAME, po_no, staff_id,staff_name,SETTLEMENT_TYPE,PO_NO_TYPE, c_part_no, part_no, pn_desc, comm_desc, spec_desc, amount, c_price, money, org_delivery_date,CUST_C_CODE,RLT_ORDER_PO_NO)  values('GV0005', '今凯', 'P10032188','','','','0','CKRH125-470M','GCRH125-470M','125 47UH +/-20%',null,'',10000,.66,6600,'2010-08-10','GC0016','FA-PO-A2010063002');
insert into t_cust_order(po_no,SHORT_NAME, c_code,order_time,first_create_time,create_time) values('GH20100217-1','罡扇广联（税）','GC0098', now(), now(), now());
insert into t_cust_order_detail(c_code, SHORT_NAME, po_no, staff_id,sales_id, c_part_no, part_no, pn_desc, comm_desc, spec_desc, amount, c_price, money, org_delivery_date,vendor_code,ORDERAMOUNT,RLT_ORDER_PO_NO)  values('GC0098', '罡扇广联（税）', 'GH20100217-1','','','CD43-47UH','GCD43-470M','43 4*4*3 47UH +/-20%',null,'',2000,.25,500,'2010-08-10','GV0006', 2000,'P10032191');
insert into t_vendor_order(po_no,SHORT_NAME, c_code,order_time,create_time) values('P10032191','海瑞达','GV0006', now(), now());
insert into t_vendor_order_detail(c_code, SHORT_NAME, po_no, staff_id,staff_name,SETTLEMENT_TYPE,PO_NO_TYPE, c_part_no, part_no, pn_desc, comm_desc, spec_desc, amount, c_price, money, org_delivery_date,CUST_C_CODE,RLT_ORDER_PO_NO)  values('GV0006', '海瑞达', 'P10032191','','','','0','HSM43-470M','GCD43-470M','43 4*4*3 47UH +/-20%',null,'',2000,.18,360,'2010-08-15','GC0098','GH20100217-1');
insert into t_cust_order(po_no,SHORT_NAME, c_code,order_time,first_create_time,create_time) values('1007088','创力仕实业','GC0013', now(), now(), now());
insert into t_cust_order_detail(c_code, SHORT_NAME, po_no, staff_id,sales_id, c_part_no, part_no, pn_desc, comm_desc, spec_desc, amount, c_price, money, org_delivery_date,vendor_code,ORDERAMOUNT,RLT_ORDER_PO_NO)  values('GC0013', '创力仕实业', '1007088','','','FSMR-LLQ1608FR33J','LLQ1608-FR33J','要求和TOKO P/N:LLQ1608-FR33J电气性能一致,包装及编带和TOKO LLQ1608系列一致',null,'',140000,.535,74900,'2010-12-01','GV0011', 140000,'P10032236');
insert into t_vendor_order(po_no,SHORT_NAME, c_code,order_time,create_time) values('P10032236','高雅','GV0011', now(), now());
insert into t_vendor_order_detail(c_code, SHORT_NAME, po_no, staff_id,staff_name,SETTLEMENT_TYPE,PO_NO_TYPE, c_part_no, part_no, pn_desc, comm_desc, spec_desc, amount, c_price, money, org_delivery_date,CUST_C_CODE,RLT_ORDER_PO_NO)  values('GV0011', '高雅', 'P10032236','','','','0','CCFH0603CR33J','LLQ1608-FR33J','0603绕线电感 330NH 5% 电气性能、包装及编带和TOKO P/N:LLQ1608-FR33J一致',null,'',140000,.025,3500,'2010-06-01','GC0013','1007088');
insert into t_cust_order_detail(c_code, SHORT_NAME, po_no, staff_id,sales_id, c_part_no, part_no, pn_desc, comm_desc, spec_desc, amount, c_price, money, org_delivery_date,vendor_code,ORDERAMOUNT,RLT_ORDER_PO_NO)  values('GC0084', '维宝视', 'GH20100218','','','63B-561M','GCRH63B-561M-D','63B 560UH +/-20% 封胶',null,'',6000,.6,3600,'2010-07-02','GV0006', 6000,'P10032261');
insert into t_vendor_order(po_no,SHORT_NAME, c_code,order_time,create_time) values('P10032261','海瑞达','GV0006', now(), now());
insert into t_vendor_order_detail(c_code, SHORT_NAME, po_no, staff_id,staff_name,SETTLEMENT_TYPE,PO_NO_TYPE, c_part_no, part_no, pn_desc, comm_desc, spec_desc, amount, c_price, money, org_delivery_date,CUST_C_CODE,RLT_ORDER_PO_NO)  values('GV0006', '海瑞达', 'P10032261','','','','0','HSMRH63B-561M','GCRH63B-561M-D','63B 560UH +/-20% 封胶',null,'',6000,.5,3000,'2010-08-15','GC0084','GH20100218');
insert into t_cust_order(po_no,SHORT_NAME, c_code,order_time,first_create_time,create_time) values('PO-2010070001','永佳宝实业','GC0015', now(), now(), now());
insert into t_cust_order_detail(c_code, SHORT_NAME, po_no, staff_id,sales_id, c_part_no, part_no, pn_desc, comm_desc, spec_desc, amount, c_price, money, org_delivery_date,vendor_code,ORDERAMOUNT,RLT_ORDER_PO_NO)  values('GC0015', '永佳宝实业', 'PO-2010070001','','','12-0200-0002E','GCD105-100M','10UH 2A',null,'',2000,.0779,155.8,'2010-07-01','GV0006', 2000,'P10032261');
insert into t_vendor_order_detail(c_code, SHORT_NAME, po_no, staff_id,staff_name,SETTLEMENT_TYPE,PO_NO_TYPE, c_part_no, part_no, pn_desc, comm_desc, spec_desc, amount, c_price, money, org_delivery_date,CUST_C_CODE,RLT_ORDER_PO_NO)  values('GV0006', '海瑞达', 'P10032261','','','','0','HSM105-100M','GCD105-100M','10UH 2A',null,'',2000,.4,800,'2010-08-08','GC0015','PO-2010070001');
insert into t_cust_order(po_no,SHORT_NAME, c_code,order_time,first_create_time,create_time) values('D1007010','乐视视频','GC0011', now(), now(), now());
insert into t_cust_order_detail(c_code, SHORT_NAME, po_no, staff_id,sales_id, c_part_no, part_no, pn_desc, comm_desc, spec_desc, amount, c_price, money, org_delivery_date,vendor_code,ORDERAMOUNT,RLT_ORDER_PO_NO)  values('GC0011', '乐视视频', 'D1007010','','','DG2213201','ELJPA221KF-G','3225 220UH +/-10%低内阻',null,'',10000,.19,1900,'2010-07-17','GV0001', 10000,'P10032324RVE.0');
insert into t_vendor_order(po_no,SHORT_NAME, c_code,order_time,create_time) values('P10032324RVE.0','科翔兴','GV0001', now(), now());
insert into t_vendor_order_detail(c_code, SHORT_NAME, po_no, staff_id,staff_name,SETTLEMENT_TYPE,PO_NO_TYPE, c_part_no, part_no, pn_desc, comm_desc, spec_desc, amount, c_price, money, org_delivery_date,CUST_C_CODE,RLT_ORDER_PO_NO)  values('GV0001', '科翔兴', 'P10032324RVE.0','','','','0','ELJPA221KF','ELJPA221KF-G','3225 220UH +/-10%低内阻',null,'',10000,.0192,192,'2010-08-15','GC0011','D1007010');
insert into t_cust_order_detail(c_code, SHORT_NAME, po_no, staff_id,sales_id, c_part_no, part_no, pn_desc, comm_desc, spec_desc, amount, c_price, money, org_delivery_date,vendor_code,ORDERAMOUNT,RLT_ORDER_PO_NO)  values('GC0011', '乐视视频', 'D1008013','','','DG2213201','ELJPA221KF-G','3225 220UH +/-10%低内阻',null,'',2000,.19,380,'2010-09-07','GV0001', 2000,'P10032324RVE.0');
insert into t_vendor_order_detail(c_code, SHORT_NAME, po_no, staff_id,staff_name,SETTLEMENT_TYPE,PO_NO_TYPE, c_part_no, part_no, pn_desc, comm_desc, spec_desc, amount, c_price, money, org_delivery_date,CUST_C_CODE,RLT_ORDER_PO_NO)  values('GV0001', '科翔兴', 'P10032324RVE.0','','','','0','ELJPA221KF','ELJPA221KF-G','3225 220UH +/-10%低内阻',null,'',2000,.0192,38.4,'2010-08-15','GC0011','D1008013');
insert into t_cust_order(po_no,SHORT_NAME, c_code,order_time,first_create_time,create_time) values('PO1004-002','喜恩碧','GC0006', now(), now(), now());
insert into t_cust_order_detail(c_code, SHORT_NAME, po_no, staff_id,sales_id, c_part_no, part_no, pn_desc, comm_desc, spec_desc, amount, c_price, money, org_delivery_date,vendor_code,ORDERAMOUNT,RLT_ORDER_PO_NO)  values('GC0006', '喜恩碧', 'PO1004-002','','','LC00022EK1','ELJFB220KF-G','4532 22UH +/-10%',null,'',4000,.50307075,2012.283,'2010-05-24','GV0001', 4000,'P10032324RVE.01');
insert into t_vendor_order(po_no,SHORT_NAME, c_code,order_time,create_time) values('P10032324RVE.01','科翔兴','GV0001', now(), now());
insert into t_vendor_order_detail(c_code, SHORT_NAME, po_no, staff_id,staff_name,SETTLEMENT_TYPE,PO_NO_TYPE, c_part_no, part_no, pn_desc, comm_desc, spec_desc, amount, c_price, money, org_delivery_date,CUST_C_CODE,RLT_ORDER_PO_NO)  values('GV0001', '科翔兴', 'P10032324RVE.01','','','','0','ELJFB220KF','ELJFB220KF-G','4532 22UH +/-10%',null,'',4000,.04451,178.04,'2010-08-15','GC0006','PO1004-002');
insert into t_cust_order_detail(c_code, SHORT_NAME, po_no, staff_id,sales_id, c_part_no, part_no, pn_desc, comm_desc, spec_desc, amount, c_price, money, org_delivery_date,vendor_code,ORDERAMOUNT,RLT_ORDER_PO_NO)  values('GC0006', '喜恩碧', 'PO1004-104','','','LC00022EK1','ELJFB220KF-G','4532 22UH +/-10%',null,'',8000,.50307075,4024.566,'2010-06-02','GV0001', 8000,'P10032324RVE.01');
insert into t_vendor_order_detail(c_code, SHORT_NAME, po_no, staff_id,staff_name,SETTLEMENT_TYPE,PO_NO_TYPE, c_part_no, part_no, pn_desc, comm_desc, spec_desc, amount, c_price, money, org_delivery_date,CUST_C_CODE,RLT_ORDER_PO_NO)  values('GV0001', '科翔兴', 'P10032324RVE.01','','','','0','ELJFB220KF','ELJFB220KF-G','4532 22UH +/-10%',null,'',8000,.04451,356.08,'2010-08-15','GC0006','PO1004-104');
insert into t_cust_order_detail(c_code, SHORT_NAME, po_no, staff_id,sales_id, c_part_no, part_no, pn_desc, comm_desc, spec_desc, amount, c_price, money, org_delivery_date,vendor_code,ORDERAMOUNT,RLT_ORDER_PO_NO)  values('GC0006', '喜恩碧', 'PO1006-201','','','LC00022EK1','ELJFB220KF-G','4532 22UH +/-10%',null,'',2000,.50307075,1006.1415,'2010-08-05','GV0001', 2000,'P10032324RVE.01');
insert into t_vendor_order_detail(c_code, SHORT_NAME, po_no, staff_id,staff_name,SETTLEMENT_TYPE,PO_NO_TYPE, c_part_no, part_no, pn_desc, comm_desc, spec_desc, amount, c_price, money, org_delivery_date,CUST_C_CODE,RLT_ORDER_PO_NO)  values('GV0001', '科翔兴', 'P10032324RVE.01','','','','0','ELJFB220KF','ELJFB220KF-G','4532 22UH +/-10%',null,'',2000,.04451,89.02,'2010-08-15','GC0006','PO1006-201');
insert into t_cust_order_detail(c_code, SHORT_NAME, po_no, staff_id,sales_id, c_part_no, part_no, pn_desc, comm_desc, spec_desc, amount, c_price, money, org_delivery_date,vendor_code,ORDERAMOUNT,RLT_ORDER_PO_NO)  values('GC0006', '喜恩碧', 'PO1007-044','','','LC00022EK1','ELJFB220KF-G','4532 22UH +/-10%',null,'',16000,.50307075,8049.132,'2010-08-22','GV0001', 16000,'P10032324RVE.01');
insert into t_vendor_order_detail(c_code, SHORT_NAME, po_no, staff_id,staff_name,SETTLEMENT_TYPE,PO_NO_TYPE, c_part_no, part_no, pn_desc, comm_desc, spec_desc, amount, c_price, money, org_delivery_date,CUST_C_CODE,RLT_ORDER_PO_NO)  values('GV0001', '科翔兴', 'P10032324RVE.01','','','','0','ELJFB220KF','ELJFB220KF-G','4532 22UH +/-10%',null,'',16000,.04451,712.16,'2010-08-15','GC0006','PO1007-044');
insert into t_cust_order(po_no,SHORT_NAME, c_code,order_time,first_create_time,create_time) values('PO1007-160','喜恩碧','GC0006', now(), now(), now());
insert into t_cust_order_detail(c_code, SHORT_NAME, po_no, staff_id,sales_id, c_part_no, part_no, pn_desc, comm_desc, spec_desc, amount, c_price, money, org_delivery_date,vendor_code,ORDERAMOUNT,RLT_ORDER_PO_NO)  values('GC0006', '喜恩碧', 'PO1007-160','','','LC00022EK1','ELJFB220KF-G','4532 22UH +/-10%',null,'',8000,.50307075,4024.566,'2010-09-01','GV0001', 8000,'P10032324RVE.01');
insert into t_vendor_order_detail(c_code, SHORT_NAME, po_no, staff_id,staff_name,SETTLEMENT_TYPE,PO_NO_TYPE, c_part_no, part_no, pn_desc, comm_desc, spec_desc, amount, c_price, money, org_delivery_date,CUST_C_CODE,RLT_ORDER_PO_NO)  values('GV0001', '科翔兴', 'P10032324RVE.01','','','','0','ELJFB220KF','ELJFB220KF-G','4532 22UH +/-10%',null,'',8000,.04451,356.08,'2010-08-15','GC0006','PO1007-160');
insert into t_cust_order_detail(c_code, SHORT_NAME, po_no, staff_id,sales_id, c_part_no, part_no, pn_desc, comm_desc, spec_desc, amount, c_price, money, org_delivery_date,vendor_code,ORDERAMOUNT,RLT_ORDER_PO_NO)  values('GC0115', '科翔', '100707002','','','ELJFC1R0JF','ELJFC1R0JF-G','2520 1.0UH +/-5%',null,'',40000,.01932,772.8,'2010-08-28','GV0001', 40000,'P10032324RVE.02');
insert into t_vendor_order(po_no,SHORT_NAME, c_code,order_time,create_time) values('P10032324RVE.02','科翔兴','GV0001', now(), now());
insert into t_vendor_order_detail(c_code, SHORT_NAME, po_no, staff_id,staff_name,SETTLEMENT_TYPE,PO_NO_TYPE, c_part_no, part_no, pn_desc, comm_desc, spec_desc, amount, c_price, money, org_delivery_date,CUST_C_CODE,RLT_ORDER_PO_NO)  values('GV0001', '科翔兴', 'P10032324RVE.02','','','','0','ELJFC1R0JF','ELJFC1R0JF-G','2520 1.0UH +/-5%',null,'',40000,.0192,768,'2010-08-10','GC0115','100707002');
insert into t_cust_order_detail(c_code, SHORT_NAME, po_no, staff_id,sales_id, c_part_no, part_no, pn_desc, comm_desc, spec_desc, amount, c_price, money, org_delivery_date,vendor_code,ORDERAMOUNT,RLT_ORDER_PO_NO)  values('GC0115', '科翔', '100707002','','','ELJFC100KF','ELJFC100KF-G','2520 10UH +/-10%',null,'',102000,.01932,1970.64,'2010-08-28','GV0001', 102000,'P10032324RVE.02');
insert into t_vendor_order_detail(c_code, SHORT_NAME, po_no, staff_id,staff_name,SETTLEMENT_TYPE,PO_NO_TYPE, c_part_no, part_no, pn_desc, comm_desc, spec_desc, amount, c_price, money, org_delivery_date,CUST_C_CODE,RLT_ORDER_PO_NO)  values('GV0001', '科翔兴', 'P10032324RVE.02','','','','0','ELJFC100KF','ELJFC100KF-G','2520 10UH +/-10%',null,'',102000,.0192,1958.4,'2010-08-10','GC0115','100707002');
insert into t_cust_order_detail(c_code, SHORT_NAME, po_no, staff_id,sales_id, c_part_no, part_no, pn_desc, comm_desc, spec_desc, amount, c_price, money, org_delivery_date,vendor_code,ORDERAMOUNT,RLT_ORDER_PO_NO)  values('GC0115', '科翔', '100707002','','','ELJFC1R0JF','ELJFC1R0JF-G','2520 1.0UH +/-5%',null,'',40000,.01932,772.8,'2010-08-28','GV0001', 40000,'P10032324RVE.02');
insert into t_vendor_order_detail(c_code, SHORT_NAME, po_no, staff_id,staff_name,SETTLEMENT_TYPE,PO_NO_TYPE, c_part_no, part_no, pn_desc, comm_desc, spec_desc, amount, c_price, money, org_delivery_date,CUST_C_CODE,RLT_ORDER_PO_NO)  values('GV0001', '科翔兴', 'P10032324RVE.02','','','','0','ELJFC1R0JF','ELJFC1R0JF-G','2520 1.0UH +/-5%',null,'',40000,.0192,768,'2010-08-10','GC0115','100707002');
insert into t_cust_order_detail(c_code, SHORT_NAME, po_no, staff_id,sales_id, c_part_no, part_no, pn_desc, comm_desc, spec_desc, amount, c_price, money, org_delivery_date,vendor_code,ORDERAMOUNT,RLT_ORDER_PO_NO)  values('GC0115', '科翔', '100707002','','','ELJFA470KF','ELJFA470KF-G','松下 3225 47UH',null,'',30000,.01932,579.6,'2010-08-28','GV0001', 30000,'P10032324RVE.02');
insert into t_vendor_order_detail(c_code, SHORT_NAME, po_no, staff_id,staff_name,SETTLEMENT_TYPE,PO_NO_TYPE, c_part_no, part_no, pn_desc, comm_desc, spec_desc, amount, c_price, money, org_delivery_date,CUST_C_CODE,RLT_ORDER_PO_NO)  values('GV0001', '科翔兴', 'P10032324RVE.02','','','','0','ELJFA470KF','ELJFA470KF-G','松下 3225 47UH',null,'',30000,.0192,576,'2010-08-10','GC0115','100707002');
insert into t_cust_order(po_no,SHORT_NAME, c_code,order_time,first_create_time,create_time) values('GH20100252','科比特','GC0129', now(), now(), now());
insert into t_cust_order_detail(c_code, SHORT_NAME, po_no, staff_id,sales_id, c_part_no, part_no, pn_desc, comm_desc, spec_desc, amount, c_price, money, org_delivery_date,vendor_code,ORDERAMOUNT,RLT_ORDER_PO_NO)  values('GC0129', '科比特', 'GH20100252','','','ELJPA4R7MF','ELJPA4R7MF-G','3225 4.7UH +/-20%低内阻',null,'',14000,.17,2380,'2010-08-07','GV0001', 14000,'P10032324RVE.02');
insert into t_vendor_order_detail(c_code, SHORT_NAME, po_no, staff_id,staff_name,SETTLEMENT_TYPE,PO_NO_TYPE, c_part_no, part_no, pn_desc, comm_desc, spec_desc, amount, c_price, money, org_delivery_date,CUST_C_CODE,RLT_ORDER_PO_NO)  values('GV0001', '科翔兴', 'P10032324RVE.02','','','','0','ELJPA4R7MF','ELJPA4R7MF-G','3225 4.7UH +/-20%低内阻',null,'',14000,.0192,268.8,'2010-08-15','GC0129','GH20100252');
insert into t_cust_order_detail(c_code, SHORT_NAME, po_no, staff_id,sales_id, c_part_no, part_no, pn_desc, comm_desc, spec_desc, amount, c_price, money, org_delivery_date,vendor_code,ORDERAMOUNT,RLT_ORDER_PO_NO)  values('GC0006', '喜恩碧', 'PO1004-104','','','LC00100CK1','ELJFC101KF-G','2520 100UH +/-10%',null,'',40000,.21067371,8426.9484,'2010-06-02','GV0001', 40000,'P10032324RVE.02');
insert into t_vendor_order_detail(c_code, SHORT_NAME, po_no, staff_id,staff_name,SETTLEMENT_TYPE,PO_NO_TYPE, c_part_no, part_no, pn_desc, comm_desc, spec_desc, amount, c_price, money, org_delivery_date,CUST_C_CODE,RLT_ORDER_PO_NO)  values('GV0001', '科翔兴', 'P10032324RVE.02','','','','0','ELJFC101KF','ELJFC101KF-G','2520 100UH +/-10%',null,'',40000,.0192,768,'2010-08-15','GC0006','PO1004-104');
insert into t_cust_order(po_no,SHORT_NAME, c_code,order_time,first_create_time,create_time) values('PO1006-170','喜恩碧','GC0006', now(), now(), now());
insert into t_cust_order_detail(c_code, SHORT_NAME, po_no, staff_id,sales_id, c_part_no, part_no, pn_desc, comm_desc, spec_desc, amount, c_price, money, org_delivery_date,vendor_code,ORDERAMOUNT,RLT_ORDER_PO_NO)  values('GC0006', '喜恩碧', 'PO1006-170','','','LC002R2DM2','ELJPA2R2MF-G','3225 2.2UH +/-20%低内阻',null,'',20000,.21067371,4213.4742,'2010-08-02','GV0001', 20000,'P10032324RVE.02');
insert into t_vendor_order_detail(c_code, SHORT_NAME, po_no, staff_id,staff_name,SETTLEMENT_TYPE,PO_NO_TYPE, c_part_no, part_no, pn_desc, comm_desc, spec_desc, amount, c_price, money, org_delivery_date,CUST_C_CODE,RLT_ORDER_PO_NO)  values('GV0001', '科翔兴', 'P10032324RVE.02','','','','0','ELJPA2R2MF','ELJPA2R2MF-G','3225 2.2UH +/-20%低内阻',null,'',20000,.0192,384,'2010-08-15','GC0006','PO1006-170');
insert into t_cust_order_detail(c_code, SHORT_NAME, po_no, staff_id,sales_id, c_part_no, part_no, pn_desc, comm_desc, spec_desc, amount, c_price, money, org_delivery_date,vendor_code,ORDERAMOUNT,RLT_ORDER_PO_NO)  values('GC0006', '喜恩碧', 'PO1007-044','','','LC00039CK2','ELJFC390KF-G','2520 39UH +/-10%',null,'',20000,.21067371,4213.4742,'2010-08-22','GV0001', 20000,'P10032324RVE.02');
insert into t_vendor_order_detail(c_code, SHORT_NAME, po_no, staff_id,staff_name,SETTLEMENT_TYPE,PO_NO_TYPE, c_part_no, part_no, pn_desc, comm_desc, spec_desc, amount, c_price, money, org_delivery_date,CUST_C_CODE,RLT_ORDER_PO_NO)  values('GV0001', '科翔兴', 'P10032324RVE.02','','','','0','ELJFC390KF','ELJFC390KF-G','2520 39UH +/-10%',null,'',20000,.0192,384,'2010-08-15','GC0006','PO1007-044');
insert into t_cust_order_detail(c_code, SHORT_NAME, po_no, staff_id,sales_id, c_part_no, part_no, pn_desc, comm_desc, spec_desc, amount, c_price, money, org_delivery_date,vendor_code,ORDERAMOUNT,RLT_ORDER_PO_NO)  values('GC0006', '喜恩碧', 'PO1007-044','','','LC00068CK1','ELJFC680KF-G','2520 68UH +/-10%',null,'',20000,.21067371,4213.4742,'2010-08-22','GV0001', 20000,'P10032324RVE.02');
insert into t_vendor_order_detail(c_code, SHORT_NAME, po_no, staff_id,staff_name,SETTLEMENT_TYPE,PO_NO_TYPE, c_part_no, part_no, pn_desc, comm_desc, spec_desc, amount, c_price, money, org_delivery_date,CUST_C_CODE,RLT_ORDER_PO_NO)  values('GV0001', '科翔兴', 'P10032324RVE.02','','','','0','ELJFC680KF','ELJFC680KF-G','2520 68UH +/-10%',null,'',20000,.0192,384,'2010-08-15','GC0006','PO1007-044');
insert into t_cust_order_detail(c_code, SHORT_NAME, po_no, staff_id,sales_id, c_part_no, part_no, pn_desc, comm_desc, spec_desc, amount, c_price, money, org_delivery_date,vendor_code,ORDERAMOUNT,RLT_ORDER_PO_NO)  values('GC0006', '喜恩碧', 'PO1007-044','','','LC001R5CJ1','ELJFC1R5JF-G','2520 1.5UH +/-5%',null,'',14000,.21067371,2949.43194,'2010-08-22','GV0001', 14000,'P10032324RVE.02');
insert into t_vendor_order_detail(c_code, SHORT_NAME, po_no, staff_id,staff_name,SETTLEMENT_TYPE,PO_NO_TYPE, c_part_no, part_no, pn_desc, comm_desc, spec_desc, amount, c_price, money, org_delivery_date,CUST_C_CODE,RLT_ORDER_PO_NO)  values('GV0001', '科翔兴', 'P10032324RVE.02','','','','0','ELJFC1R5JF','ELJFC1R5JF-G','2520 1.5UH +/-5%',null,'',14000,.0192,268.8,'2010-08-15','GC0006','PO1007-044');
insert into t_cust_order_detail(c_code, SHORT_NAME, po_no, staff_id,sales_id, c_part_no, part_no, pn_desc, comm_desc, spec_desc, amount, c_price, money, org_delivery_date,vendor_code,ORDERAMOUNT,RLT_ORDER_PO_NO)  values('GC0006', '喜恩碧', 'PO1007-044','','','LC002R2DM2','ELJPA2R2MF-G','3225 2.2UH +/-20%低内阻',null,'',20000,.21067371,4213.4742,'2010-08-22','GV0001', 20000,'P10032324RVE.02');
insert into t_vendor_order_detail(c_code, SHORT_NAME, po_no, staff_id,staff_name,SETTLEMENT_TYPE,PO_NO_TYPE, c_part_no, part_no, pn_desc, comm_desc, spec_desc, amount, c_price, money, org_delivery_date,CUST_C_CODE,RLT_ORDER_PO_NO)  values('GV0001', '科翔兴', 'P10032324RVE.02','','','','0','ELJPA2R2MF','ELJPA2R2MF-G','3225 2.2UH +/-20%低内阻',null,'',20000,.0192,384,'2010-08-15','GC0006','PO1007-044');
insert into t_cust_order_detail(c_code, SHORT_NAME, po_no, staff_id,sales_id, c_part_no, part_no, pn_desc, comm_desc, spec_desc, amount, c_price, money, org_delivery_date,vendor_code,ORDERAMOUNT,RLT_ORDER_PO_NO)  values('GC0006', '喜恩碧', 'PO1007-044','','','LC004R7CJ1','ELJFC4R7JF-G','2520 4.7UH +/-5%',null,'',6000,.21067371,1264.04226,'2010-08-22','GV0001', 6000,'P10032324RVE.02');
insert into t_vendor_order_detail(c_code, SHORT_NAME, po_no, staff_id,staff_name,SETTLEMENT_TYPE,PO_NO_TYPE, c_part_no, part_no, pn_desc, comm_desc, spec_desc, amount, c_price, money, org_delivery_date,CUST_C_CODE,RLT_ORDER_PO_NO)  values('GV0001', '科翔兴', 'P10032324RVE.02','','','','0','ELJFC4R7JF','ELJFC4R7JF-G','2520 4.7UH +/-5%',null,'',6000,.0192,115.2,'2010-08-15','GC0006','PO1007-044');
insert into t_cust_order_detail(c_code, SHORT_NAME, po_no, staff_id,sales_id, c_part_no, part_no, pn_desc, comm_desc, spec_desc, amount, c_price, money, org_delivery_date,vendor_code,ORDERAMOUNT,RLT_ORDER_PO_NO)  values('GC0006', '喜恩碧', 'PO1007-044','','','LC004R7DM2','ELJPA4R7MF-G','3225 4.7UH +/-20%低内阻',null,'',14000,.2464882407,3450.8353698,'2010-08-22','GV0001', 14000,'P10032324RVE.02');
insert into t_vendor_order_detail(c_code, SHORT_NAME, po_no, staff_id,staff_name,SETTLEMENT_TYPE,PO_NO_TYPE, c_part_no, part_no, pn_desc, comm_desc, spec_desc, amount, c_price, money, org_delivery_date,CUST_C_CODE,RLT_ORDER_PO_NO)  values('GV0001', '科翔兴', 'P10032324RVE.02','','','','0','ELJPA4R7MF','ELJPA4R7MF-G','3225 4.7UH +/-20%低内阻',null,'',14000,.0192,268.8,'2010-08-15','GC0006','PO1007-044');
insert into t_cust_order_detail(c_code, SHORT_NAME, po_no, staff_id,sales_id, c_part_no, part_no, pn_desc, comm_desc, spec_desc, amount, c_price, money, org_delivery_date,vendor_code,ORDERAMOUNT,RLT_ORDER_PO_NO)  values('GC0006', '喜恩碧', 'PO1007-111','','','LC004R7CJ1','ELJFC4R7JF-G','2520 4.7UH +/-5%',null,'',6000,.21067371,1264.04226,'2010-09-01','GV0001', 6000,'P10032324RVE.02');
insert into t_vendor_order_detail(c_code, SHORT_NAME, po_no, staff_id,staff_name,SETTLEMENT_TYPE,PO_NO_TYPE, c_part_no, part_no, pn_desc, comm_desc, spec_desc, amount, c_price, money, org_delivery_date,CUST_C_CODE,RLT_ORDER_PO_NO)  values('GV0001', '科翔兴', 'P10032324RVE.02','','','','0','ELJFC4R7JF','ELJFC4R7JF-G','2520 4.7UH +/-5%',null,'',6000,.0192,115.2,'2010-08-15','GC0006','PO1007-111');
insert into t_cust_order_detail(c_code, SHORT_NAME, po_no, staff_id,sales_id, c_part_no, part_no, pn_desc, comm_desc, spec_desc, amount, c_price, money, org_delivery_date,vendor_code,ORDERAMOUNT,RLT_ORDER_PO_NO)  values('GC0006', '喜恩碧', 'PO1007-111','','','LC004R7DM2','ELJPA4R7MF-G','3225 4.7UH +/-20%低内阻',null,'',6000,.21067371,1264.04226,'2010-09-01','GV0001', 6000,'P10032324RVE.02');
insert into t_vendor_order_detail(c_code, SHORT_NAME, po_no, staff_id,staff_name,SETTLEMENT_TYPE,PO_NO_TYPE, c_part_no, part_no, pn_desc, comm_desc, spec_desc, amount, c_price, money, org_delivery_date,CUST_C_CODE,RLT_ORDER_PO_NO)  values('GV0001', '科翔兴', 'P10032324RVE.02','','','','0','ELJPA4R7MF','ELJPA4R7MF-G','3225 4.7UH +/-20%低内阻',null,'',6000,.0192,115.2,'2010-08-15','GC0006','PO1007-111');
insert into t_cust_order(po_no,SHORT_NAME, c_code,order_time,first_create_time,create_time) values('PG4779','建恩','GC0069', now(), now(), now());
insert into t_cust_order_detail(c_code, SHORT_NAME, po_no, staff_id,sales_id, c_part_no, part_no, pn_desc, comm_desc, spec_desc, amount, c_price, money, org_delivery_date,vendor_code,ORDERAMOUNT,RLT_ORDER_PO_NO)  values('GC0069', '建恩', 'PG4779','','','107H-0547-B4-L','GCD52-4R7NC','52 4.7UH +/-25%',null,'',4000,.5616,2246.4,'2010-09-02','GV0005', 4000,'P10032341');
insert into t_vendor_order(po_no,SHORT_NAME, c_code,order_time,create_time) values('P10032341','今凯','GV0005', now(), now());
insert into t_vendor_order_detail(c_code, SHORT_NAME, po_no, staff_id,staff_name,SETTLEMENT_TYPE,PO_NO_TYPE, c_part_no, part_no, pn_desc, comm_desc, spec_desc, amount, c_price, money, org_delivery_date,CUST_C_CODE,RLT_ORDER_PO_NO)  values('GV0005', '今凯', 'P10032341','','','','0','CKD52-4R7NC','GCD52-4R7NC','52 4.7UH +/-25%',null,'',4000,.323,1292,'2010-08-10','GC0069','PG4779');
insert into t_cust_order_detail(c_code, SHORT_NAME, po_no, staff_id,sales_id, c_part_no, part_no, pn_desc, comm_desc, spec_desc, amount, c_price, money, org_delivery_date,vendor_code,ORDERAMOUNT,RLT_ORDER_PO_NO)  values('GC0048', '建威', 'PO2010060257','','','12-0400-0007E','GCRH2D18A/HP-4R7NC','2D18A/HP 4.7UH 高度2MM DCR小于78M欧 可耐电流0.63A +/-25% 对角型脚位',null,'',98000,.495,48510,'2010-06-17','GV0005', 98000,'P10032341');
insert into t_vendor_order_detail(c_code, SHORT_NAME, po_no, staff_id,staff_name,SETTLEMENT_TYPE,PO_NO_TYPE, c_part_no, part_no, pn_desc, comm_desc, spec_desc, amount, c_price, money, org_delivery_date,CUST_C_CODE,RLT_ORDER_PO_NO)  values('GV0005', '今凯', 'P10032341','','','','0','CKRH2D18A/HP-4R7NC','GCRH2D18A/HP-4R7NC','2D18A/HP 4.7UH 高度2MM DCR小于78M欧 可耐电流0.63A +/-25% 对角型脚位',null,'',98000,.473,46354,'2010-08-15','GC0048','PO2010060257');
insert into t_cust_order(po_no,SHORT_NAME, c_code,order_time,first_create_time,create_time) values('PO2010080039','建威','GC0048', now(), now(), now());
insert into t_cust_order_detail(c_code, SHORT_NAME, po_no, staff_id,sales_id, c_part_no, part_no, pn_desc, comm_desc, spec_desc, amount, c_price, money, org_delivery_date,vendor_code,ORDERAMOUNT,RLT_ORDER_PO_NO)  values('GC0048', '建威', 'PO2010080039','','','12-0400-0007E','GCRH2D18A/HP-4R7NC','2D18A/HP 4.7UH 高度2MM DCR小于78M欧 可耐电流0.63A +/-25% 对角型脚位',null,'调价后的价格，上一张单还是按原价卖',50000,.48,24000,'2010-08-09','GV0005', 50000,'P10032341');
insert into t_vendor_order_detail(c_code, SHORT_NAME, po_no, staff_id,staff_name,SETTLEMENT_TYPE,PO_NO_TYPE, c_part_no, part_no, pn_desc, comm_desc, spec_desc, amount, c_price, money, org_delivery_date,CUST_C_CODE,RLT_ORDER_PO_NO)  values('GV0005', '今凯', 'P10032341','','','','0','CKRH2D18A/HP-4R7NC','GCRH2D18A/HP-4R7NC','2D18A/HP 4.7UH 高度2MM DCR小于78M欧 可耐电流0.63A +/-25% 对角型脚位',null,'调价后的价格，上一张单还是按原价卖',50000,.473,23650,'2010-08-10','GC0048','PO2010080039');
insert into t_cust_order_detail(c_code, SHORT_NAME, po_no, staff_id,sales_id, c_part_no, part_no, pn_desc, comm_desc, spec_desc, amount, c_price, money, org_delivery_date,vendor_code,ORDERAMOUNT,RLT_ORDER_PO_NO)  values('GC0013', '创力仕实业', '1007088','','','FSMR-FSLM25201R0K','#FSLM2520-1R0J=P2','TOKO',null,'',70000,.485,33950,'2010-12-01','GV0003', 70000,'P10032375');
insert into t_vendor_order(po_no,SHORT_NAME, c_code,order_time,create_time) values('P10032375','华龙东光','GV0003', now(), now());
insert into t_vendor_order_detail(c_code, SHORT_NAME, po_no, staff_id,staff_name,SETTLEMENT_TYPE,PO_NO_TYPE, c_part_no, part_no, pn_desc, comm_desc, spec_desc, amount, c_price, money, org_delivery_date,CUST_C_CODE,RLT_ORDER_PO_NO)  values('GV0003', '华龙东光', 'P10032375','','','','0','#FSLM2520-1R0J=P2','#FSLM2520-1R0J=P2','TOKO',null,'',70000,.028,1960,'2010-12-01','GC0013','1007088');
insert into t_cust_order_detail(c_code, SHORT_NAME, po_no, staff_id,sales_id, c_part_no, part_no, pn_desc, comm_desc, spec_desc, amount, c_price, money, org_delivery_date,vendor_code,ORDERAMOUNT,RLT_ORDER_PO_NO)  values('GC0013', '创力仕实业', '1007088','','','FSMR-FSLM25201R0K','#FSLM2520-1R0J=P2','TOKO',null,'',70000,.485,33950,'2011-01-03','GV0003', 70000,'P10032375');
insert into t_vendor_order_detail(c_code, SHORT_NAME, po_no, staff_id,staff_name,SETTLEMENT_TYPE,PO_NO_TYPE, c_part_no, part_no, pn_desc, comm_desc, spec_desc, amount, c_price, money, org_delivery_date,CUST_C_CODE,RLT_ORDER_PO_NO)  values('GV0003', '华龙东光', 'P10032375','','','','0','#FSLM2520-1R0J=P2','#FSLM2520-1R0J=P2','TOKO',null,'',70000,.028,1960,'2010-01-03','GC0013','1007088');
insert into t_cust_order_detail(c_code, SHORT_NAME, po_no, staff_id,sales_id, c_part_no, part_no, pn_desc, comm_desc, spec_desc, amount, c_price, money, org_delivery_date,vendor_code,ORDERAMOUNT,RLT_ORDER_PO_NO)  values('GC0013', '创力仕实业', '1007088','','','FSMR-FSLM25201R0K','#FSLM2520-1R0J=P2','TOKO',null,'',60000,.485,29100,'2011-02-09','GV0003', 60000,'P10032375');
insert into t_vendor_order_detail(c_code, SHORT_NAME, po_no, staff_id,staff_name,SETTLEMENT_TYPE,PO_NO_TYPE, c_part_no, part_no, pn_desc, comm_desc, spec_desc, amount, c_price, money, org_delivery_date,CUST_C_CODE,RLT_ORDER_PO_NO)  values('GV0003', '华龙东光', 'P10032375','','','','0','#FSLM2520-1R0J=P2','#FSLM2520-1R0J=P2','TOKO',null,'',60000,.028,1680,'2010-02-09','GC0013','1007088');
insert into t_cust_order_detail(c_code, SHORT_NAME, po_no, staff_id,sales_id, c_part_no, part_no, pn_desc, comm_desc, spec_desc, amount, c_price, money, org_delivery_date,vendor_code,ORDERAMOUNT,RLT_ORDER_PO_NO)  values('GC0013', '创力仕实业', '1007088','','','FSMR-FSLM25201R0K','#FSLM2520-1R0J=P2','TOKO',null,'',48000,.485,23280,'2011-03-01','GV0003', 48000,'P10032375');
insert into t_vendor_order_detail(c_code, SHORT_NAME, po_no, staff_id,staff_name,SETTLEMENT_TYPE,PO_NO_TYPE, c_part_no, part_no, pn_desc, comm_desc, spec_desc, amount, c_price, money, org_delivery_date,CUST_C_CODE,RLT_ORDER_PO_NO)  values('GV0003', '华龙东光', 'P10032375','','','','0','#FSLM2520-1R0J=P2','#FSLM2520-1R0J=P2','TOKO',null,'',48000,.028,1344,'2010-03-01','GC0013','1007088');
insert into t_cust_order_detail(c_code, SHORT_NAME, po_no, staff_id,sales_id, c_part_no, part_no, pn_desc, comm_desc, spec_desc, amount, c_price, money, org_delivery_date,vendor_code,ORDERAMOUNT,RLT_ORDER_PO_NO)  values('GC0013', '创力仕实业', '1007088','','','FSMR-FSLM25202R7J','#FSLM2520-2R7J=P2','TOKO',null,'',70000,.31,21700,'2010-12-01','GV0003', 70000,'P10032375');
insert into t_vendor_order_detail(c_code, SHORT_NAME, po_no, staff_id,staff_name,SETTLEMENT_TYPE,PO_NO_TYPE, c_part_no, part_no, pn_desc, comm_desc, spec_desc, amount, c_price, money, org_delivery_date,CUST_C_CODE,RLT_ORDER_PO_NO)  values('GV0003', '华龙东光', 'P10032375','','','','0','#FSLM2520-2R7J=P2','#FSLM2520-2R7J=P2','TOKO',null,'',70000,.028,1960,'2010-12-01','GC0013','1007088');
insert into t_cust_order_detail(c_code, SHORT_NAME, po_no, staff_id,sales_id, c_part_no, part_no, pn_desc, comm_desc, spec_desc, amount, c_price, money, org_delivery_date,vendor_code,ORDERAMOUNT,RLT_ORDER_PO_NO)  values('GC0013', '创力仕实业', '1007088','','','FSMR-FSLM25202R7J','#FSLM2520-2R7J=P2','TOKO',null,'',70000,.31,21700,'2011-01-03','GV0003', 70000,'P10032375');
insert into t_vendor_order_detail(c_code, SHORT_NAME, po_no, staff_id,staff_name,SETTLEMENT_TYPE,PO_NO_TYPE, c_part_no, part_no, pn_desc, comm_desc, spec_desc, amount, c_price, money, org_delivery_date,CUST_C_CODE,RLT_ORDER_PO_NO)  values('GV0003', '华龙东光', 'P10032375','','','','0','#FSLM2520-2R7J=P2','#FSLM2520-2R7J=P2','TOKO',null,'',70000,.028,1960,'2010-01-03','GC0013','1007088');
insert into t_cust_order_detail(c_code, SHORT_NAME, po_no, staff_id,sales_id, c_part_no, part_no, pn_desc, comm_desc, spec_desc, amount, c_price, money, org_delivery_date,vendor_code,ORDERAMOUNT,RLT_ORDER_PO_NO)  values('GC0013', '创力仕实业', '1007088','','','FSMR-FSLM25202R7J','#FSLM2520-2R7J=P2','TOKO',null,'',60000,.31,18600,'2011-02-09','GV0003', 60000,'P10032375');
insert into t_vendor_order_detail(c_code, SHORT_NAME, po_no, staff_id,staff_name,SETTLEMENT_TYPE,PO_NO_TYPE, c_part_no, part_no, pn_desc, comm_desc, spec_desc, amount, c_price, money, org_delivery_date,CUST_C_CODE,RLT_ORDER_PO_NO)  values('GV0003', '华龙东光', 'P10032375','','','','0','#FSLM2520-2R7J=P2','#FSLM2520-2R7J=P2','TOKO',null,'',60000,.028,1680,'2010-02-09','GC0013','1007088');
insert into t_cust_order_detail(c_code, SHORT_NAME, po_no, staff_id,sales_id, c_part_no, part_no, pn_desc, comm_desc, spec_desc, amount, c_price, money, org_delivery_date,vendor_code,ORDERAMOUNT,RLT_ORDER_PO_NO)  values('GC0013', '创力仕实业', '1007088','','','FSMR-FSLM25202R7J','#FSLM2520-2R7J=P2','TOKO',null,'',48000,.31,14880,'2011-03-01','GV0003', 48000,'P10032375');
insert into t_vendor_order_detail(c_code, SHORT_NAME, po_no, staff_id,staff_name,SETTLEMENT_TYPE,PO_NO_TYPE, c_part_no, part_no, pn_desc, comm_desc, spec_desc, amount, c_price, money, org_delivery_date,CUST_C_CODE,RLT_ORDER_PO_NO)  values('GV0003', '华龙东光', 'P10032375','','','','0','#FSLM2520-2R7J=P2','#FSLM2520-2R7J=P2','TOKO',null,'',48000,.028,1344,'2010-03-01','GC0013','1007088');
insert into t_cust_order_detail(c_code, SHORT_NAME, po_no, staff_id,sales_id, c_part_no, part_no, pn_desc, comm_desc, spec_desc, amount, c_price, money, org_delivery_date,vendor_code,ORDERAMOUNT,RLT_ORDER_PO_NO)  values('GC0013', '创力仕实业', '1007088','','','FSMR-LL1608FSL10N','LL1608-FSL10NJ','TOKO',null,'',140000,.15,21000,'2010-12-01','GV0003', 140000,'P10032375');
insert into t_vendor_order_detail(c_code, SHORT_NAME, po_no, staff_id,staff_name,SETTLEMENT_TYPE,PO_NO_TYPE, c_part_no, part_no, pn_desc, comm_desc, spec_desc, amount, c_price, money, org_delivery_date,CUST_C_CODE,RLT_ORDER_PO_NO)  values('GV0003', '华龙东光', 'P10032375','','','','0','LL1608-FSL10NJ','LL1608-FSL10NJ','TOKO',null,'',140000,.0084,1176,'2010-12-01','GC0013','1007088');
insert into t_cust_order_detail(c_code, SHORT_NAME, po_no, staff_id,sales_id, c_part_no, part_no, pn_desc, comm_desc, spec_desc, amount, c_price, money, org_delivery_date,vendor_code,ORDERAMOUNT,RLT_ORDER_PO_NO)  values('GC0013', '创力仕实业', '1007088','','','FSMR-LL1608FSL10N','LL1608-FSL10NJ','TOKO',null,'',140000,.15,21000,'2011-01-03','GV0003', 140000,'P10032375');
insert into t_vendor_order_detail(c_code, SHORT_NAME, po_no, staff_id,staff_name,SETTLEMENT_TYPE,PO_NO_TYPE, c_part_no, part_no, pn_desc, comm_desc, spec_desc, amount, c_price, money, org_delivery_date,CUST_C_CODE,RLT_ORDER_PO_NO)  values('GV0003', '华龙东光', 'P10032375','','','','0','LL1608-FSL10NJ','LL1608-FSL10NJ','TOKO',null,'',140000,.0084,1176,'2011-01-03','GC0013','1007088');
insert into t_cust_order_detail(c_code, SHORT_NAME, po_no, staff_id,sales_id, c_part_no, part_no, pn_desc, comm_desc, spec_desc, amount, c_price, money, org_delivery_date,vendor_code,ORDERAMOUNT,RLT_ORDER_PO_NO)  values('GC0013', '创力仕实业', '1007088','','','FSMR-LL1608FSL10N','LL1608-FSL10NJ','TOKO',null,'',120000,.15,18000,'2011-02-09','GV0003', 120000,'P10032375');
insert into t_vendor_order_detail(c_code, SHORT_NAME, po_no, staff_id,staff_name,SETTLEMENT_TYPE,PO_NO_TYPE, c_part_no, part_no, pn_desc, comm_desc, spec_desc, amount, c_price, money, org_delivery_date,CUST_C_CODE,RLT_ORDER_PO_NO)  values('GV0003', '华龙东光', 'P10032375','','','','0','LL1608-FSL10NJ','LL1608-FSL10NJ','TOKO',null,'',120000,.0084,1008,'2011-02-09','GC0013','1007088');
insert into t_cust_order_detail(c_code, SHORT_NAME, po_no, staff_id,sales_id, c_part_no, part_no, pn_desc, comm_desc, spec_desc, amount, c_price, money, org_delivery_date,vendor_code,ORDERAMOUNT,RLT_ORDER_PO_NO)  values('GC0013', '创力仕实业', '1007088','','','FSMR-LL1608FSL10N','LL1608-FSL10NJ','TOKO',null,'',100000,.15,15000,'2011-03-01','GV0003', 100000,'P10032375');
insert into t_vendor_order_detail(c_code, SHORT_NAME, po_no, staff_id,staff_name,SETTLEMENT_TYPE,PO_NO_TYPE, c_part_no, part_no, pn_desc, comm_desc, spec_desc, amount, c_price, money, org_delivery_date,CUST_C_CODE,RLT_ORDER_PO_NO)  values('GV0003', '华龙东光', 'P10032375','','','','0','LL1608-FSL10NJ','LL1608-FSL10NJ','TOKO',null,'',100000,.0084,840,'2011-03-01','GC0013','1007088');
insert into t_cust_order(po_no,SHORT_NAME, c_code,order_time,first_create_time,create_time) values('GR-GD1006D','金轮RMB','GC0122', now(), now(), now());
insert into t_cust_order_detail(c_code, SHORT_NAME, po_no, staff_id,sales_id, c_part_no, part_no, pn_desc, comm_desc, spec_desc, amount, c_price, money, org_delivery_date,vendor_code,ORDERAMOUNT,RLT_ORDER_PO_NO)  values('GC0122', '金轮RMB', 'GR-GD1006D','','','GCRH104RNP-470N','GCRH104R-470NC','47UH 要求参数与SUMIDA料号：CDRH104RNP-470NC完全相同，特别是DCR，500PCS/R',null,'',10000,1.1,11000,'2010-08-09','GV0005', 10000,'P10032381');
insert into t_vendor_order(po_no,SHORT_NAME, c_code,order_time,create_time) values('P10032381','今凯','GV0005', now(), now());
insert into t_vendor_order_detail(c_code, SHORT_NAME, po_no, staff_id,staff_name,SETTLEMENT_TYPE,PO_NO_TYPE, c_part_no, part_no, pn_desc, comm_desc, spec_desc, amount, c_price, money, org_delivery_date,CUST_C_CODE,RLT_ORDER_PO_NO)  values('GV0005', '今凯', 'P10032381','','','','0','CKRH104R-470NC','GCRH104R-470NC','47UH 要求参数与SUMIDA料号：CDRH104RNP-470NC完全相同，特别是DCR，500PCS/R',null,'',10000,.68,6800,'2010-08-10','GC0122','GR-GD1006D');
insert into t_cust_order(po_no,SHORT_NAME, c_code,order_time,first_create_time,create_time) values('AEL201009009-1462-04','杰信','GC0104', now(), now(), now());
insert into t_cust_order_detail(c_code, SHORT_NAME, po_no, staff_id,sales_id, c_part_no, part_no, pn_desc, comm_desc, spec_desc, amount, c_price, money, org_delivery_date,vendor_code,ORDERAMOUNT,RLT_ORDER_PO_NO)  values('GC0104', '杰信', 'AEL201009009-1462-04','','','SCDS6D38T-100M-S-N','SCDS6D38T-100M-S-N','CHILISIN INDUCTOR 10UH,2.A,38 MILLIOHM',null,'可确定明细',14000,.95,13300,'2010-08-01','GV0027', 14000,'P10032395RVE.01');
insert into t_vendor_order(po_no,SHORT_NAME, c_code,order_time,create_time) values('P10032395RVE.01','奇力新','GV0027', now(), now());
insert into t_vendor_order_detail(c_code, SHORT_NAME, po_no, staff_id,staff_name,SETTLEMENT_TYPE,PO_NO_TYPE, c_part_no, part_no, pn_desc, comm_desc, spec_desc, amount, c_price, money, org_delivery_date,CUST_C_CODE,RLT_ORDER_PO_NO)  values('GV0027', '奇力新', 'P10032395RVE.01','','','','0','SCDS6D38T-100M-S-N','SCDS6D38T-100M-S-N','CHILISIN INDUCTOR 10UH,2.A,38 MILLIOHM',null,'可确定明细',14000,.72,10080,'2010-09-15','GC0104','AEL201009009-1462-04');
insert into t_cust_order(po_no,SHORT_NAME, c_code,order_time,first_create_time,create_time) values('B1005003','金三立视频','GC0019', now(), now(), now());
insert into t_cust_order_detail(c_code, SHORT_NAME, po_no, staff_id,sales_id, c_part_no, part_no, pn_desc, comm_desc, spec_desc, amount, c_price, money, org_delivery_date,vendor_code,ORDERAMOUNT,RLT_ORDER_PO_NO)  values('GC0019', '金三立视频', 'B1005003','','','L.C.01013000','GSLF7032T-100M','1.3A 10UH',null,'',1000,1.15,1150,'2010-07-11','GV0005', 1000,'P10032412');
insert into t_vendor_order(po_no,SHORT_NAME, c_code,order_time,create_time) values('P10032412','今凯','GV0005', now(), now());
insert into t_vendor_order_detail(c_code, SHORT_NAME, po_no, staff_id,staff_name,SETTLEMENT_TYPE,PO_NO_TYPE, c_part_no, part_no, pn_desc, comm_desc, spec_desc, amount, c_price, money, org_delivery_date,CUST_C_CODE,RLT_ORDER_PO_NO)  values('GV0005', '今凯', 'P10032412','','','','0','CKRH7032-100M','GSLF7032T-100M','7032 10UH +/-20%',null,'',1000,.629,629,'2010-08-10','GC0019','B1005003');
insert into t_cust_order(po_no,SHORT_NAME, c_code,order_time,first_create_time,create_time) values('B1007032','金三立视频','GC0019', now(), now(), now());
insert into t_cust_order_detail(c_code, SHORT_NAME, po_no, staff_id,sales_id, c_part_no, part_no, pn_desc, comm_desc, spec_desc, amount, c_price, money, org_delivery_date,vendor_code,ORDERAMOUNT,RLT_ORDER_PO_NO)  values('GC0019', '金三立视频', 'B1007032','','','L.C.01013000','GSLF7032T-100M','1.3A 10UH',null,'',5000,1.15,5750,'2010-07-11','GV0005', 5000,'P10032412');
insert into t_vendor_order_detail(c_code, SHORT_NAME, po_no, staff_id,staff_name,SETTLEMENT_TYPE,PO_NO_TYPE, c_part_no, part_no, pn_desc, comm_desc, spec_desc, amount, c_price, money, org_delivery_date,CUST_C_CODE,RLT_ORDER_PO_NO)  values('GV0005', '今凯', 'P10032412','','','','0','CKRH7032-100M','GSLF7032T-100M','7032 10UH +/-20%',null,'',5000,.629,3145,'2010-08-15','GC0019','B1007032');
insert into t_cust_order_detail(c_code, SHORT_NAME, po_no, staff_id,sales_id, c_part_no, part_no, pn_desc, comm_desc, spec_desc, amount, c_price, money, org_delivery_date,vendor_code,ORDERAMOUNT,RLT_ORDER_PO_NO)  values('GC0019', '金三立视频', 'B1007032','','','L.D.01002000','GCRH104R-100M','2A 10UH',null,'',1000,.82,820,'2010-07-11','GV0006', 1000,'P10032425');
insert into t_vendor_order(po_no,SHORT_NAME, c_code,order_time,create_time) values('P10032425','海瑞达','GV0006', now(), now());
insert into t_vendor_order_detail(c_code, SHORT_NAME, po_no, staff_id,staff_name,SETTLEMENT_TYPE,PO_NO_TYPE, c_part_no, part_no, pn_desc, comm_desc, spec_desc, amount, c_price, money, org_delivery_date,CUST_C_CODE,RLT_ORDER_PO_NO)  values('GV0006', '海瑞达', 'P10032425','','','','0','HSMRH104R-100M','GCRH104R-100M','104R 10UH 2A +/-20%',null,'',1000,.5,500,'2010-08-15','GC0019','B1007032');
insert into t_cust_order_detail(c_code, SHORT_NAME, po_no, staff_id,sales_id, c_part_no, part_no, pn_desc, comm_desc, spec_desc, amount, c_price, money, org_delivery_date,vendor_code,ORDERAMOUNT,RLT_ORDER_PO_NO)  values('GC0013', '创力仕实业', '1007088','','','FSMR-LLQ1608FR33J','LLQ1608-FR33J','要求和TOKO P/N:LLQ1608-FR33J电气性能一致,包装及编带和TOKO LLQ1608系列一致',null,'',140000,.535,74900,'2011-01-03','GV0011', 140000,'P10032433');
insert into t_vendor_order(po_no,SHORT_NAME, c_code,order_time,create_time) values('P10032433','高雅','GV0011', now(), now());
insert into t_vendor_order_detail(c_code, SHORT_NAME, po_no, staff_id,staff_name,SETTLEMENT_TYPE,PO_NO_TYPE, c_part_no, part_no, pn_desc, comm_desc, spec_desc, amount, c_price, money, org_delivery_date,CUST_C_CODE,RLT_ORDER_PO_NO)  values('GV0011', '高雅', 'P10032433','','','','0','CCFH0603CR33J','LLQ1608-FR33J','0603绕线电感 330NH 5% 电气性能、包装及编带和TOKO P/N:LLQ1608-FR33J一致',null,'',140000,.025,3500,'2010-08-02','GC0013','1007088');
insert into t_cust_order_detail(c_code, SHORT_NAME, po_no, staff_id,sales_id, c_part_no, part_no, pn_desc, comm_desc, spec_desc, amount, c_price, money, org_delivery_date,vendor_code,ORDERAMOUNT,RLT_ORDER_PO_NO)  values('GC0013', '创力仕实业', '1007088','','','FSMR-LLQ1608FR33J','LLQ1608-FR33J','要求和TOKO P/N:LLQ1608-FR33J电气性能一致,包装及编带和TOKO LLQ1608系列一致',null,'',120000,.535,64200,'2011-02-09','GV0011', 120000,'P10032433');
insert into t_vendor_order_detail(c_code, SHORT_NAME, po_no, staff_id,staff_name,SETTLEMENT_TYPE,PO_NO_TYPE, c_part_no, part_no, pn_desc, comm_desc, spec_desc, amount, c_price, money, org_delivery_date,CUST_C_CODE,RLT_ORDER_PO_NO)  values('GV0011', '高雅', 'P10032433','','','','0','CCFH0603CR33J','LLQ1608-FR33J','0603绕线电感 330NH 5% 电气性能、包装及编带和TOKO P/N:LLQ1608-FR33J一致',null,'',120000,.025,3000,'2010-12-01','GC0013','1007088');
insert into t_cust_order_detail(c_code, SHORT_NAME, po_no, staff_id,sales_id, c_part_no, part_no, pn_desc, comm_desc, spec_desc, amount, c_price, money, org_delivery_date,vendor_code,ORDERAMOUNT,RLT_ORDER_PO_NO)  values('GC0013', '创力仕实业', '1007088','','','FSMR-LLQ1608FR33J','LLQ1608-FR33J','要求和TOKO P/N:LLQ1608-FR33J电气性能一致,包装及编带和TOKO LLQ1608系列一致',null,'',100000,.535,53500,'2011-03-01','GV0011', 100000,'P10032433');
insert into t_vendor_order_detail(c_code, SHORT_NAME, po_no, staff_id,staff_name,SETTLEMENT_TYPE,PO_NO_TYPE, c_part_no, part_no, pn_desc, comm_desc, spec_desc, amount, c_price, money, org_delivery_date,CUST_C_CODE,RLT_ORDER_PO_NO)  values('GV0011', '高雅', 'P10032433','','','','0','CCFH0603CR33J','LLQ1608-FR33J','0603绕线电感 330NH 5% 电气性能、包装及编带和TOKO P/N:LLQ1608-FR33J一致',null,'',100000,.025,2500,'2010-01-03','GC0013','1007088');
insert into t_cust_order_detail(c_code, SHORT_NAME, po_no, staff_id,sales_id, c_part_no, part_no, pn_desc, comm_desc, spec_desc, amount, c_price, money, org_delivery_date,vendor_code,ORDERAMOUNT,RLT_ORDER_PO_NO)  values('GC0013', '创力仕实业', '1007088','','','FSMR-DLW21SN181S','DLW21SN181SQ2L','0805 180 OHM',null,'',70000,.77,53900,'2010-12-01','GV0012', 70000,'P10032448');
insert into t_vendor_order(po_no,SHORT_NAME, c_code,order_time,create_time) values('P10032448','威雅利','GV0012', now(), now());
insert into t_vendor_order_detail(c_code, SHORT_NAME, po_no, staff_id,staff_name,SETTLEMENT_TYPE,PO_NO_TYPE, c_part_no, part_no, pn_desc, comm_desc, spec_desc, amount, c_price, money, org_delivery_date,CUST_C_CODE,RLT_ORDER_PO_NO)  values('GV0012', '威雅利', 'P10032448','','','','0','DLW21SN181SQ2L','DLW21SN181SQ2L','0805 180 OHM',null,'',70000,.068,4760,'2010-12-01','GC0013','1007088');
insert into t_cust_order_detail(c_code, SHORT_NAME, po_no, staff_id,sales_id, c_part_no, part_no, pn_desc, comm_desc, spec_desc, amount, c_price, money, org_delivery_date,vendor_code,ORDERAMOUNT,RLT_ORDER_PO_NO)  values('GC0013', '创力仕实业', '1007088','','','FSMR-DLW21SN181S','DLW21SN181SQ2L','0805 180 OHM',null,'',70000,.77,53900,'2011-01-03','GV0012', 70000,'P10032448');
insert into t_vendor_order_detail(c_code, SHORT_NAME, po_no, staff_id,staff_name,SETTLEMENT_TYPE,PO_NO_TYPE, c_part_no, part_no, pn_desc, comm_desc, spec_desc, amount, c_price, money, org_delivery_date,CUST_C_CODE,RLT_ORDER_PO_NO)  values('GV0012', '威雅利', 'P10032448','','','','0','DLW21SN181SQ2L','DLW21SN181SQ2L','0805 180 OHM',null,'',70000,.068,4760,'2010-01-03','GC0013','1007088');
insert into t_cust_order_detail(c_code, SHORT_NAME, po_no, staff_id,sales_id, c_part_no, part_no, pn_desc, comm_desc, spec_desc, amount, c_price, money, org_delivery_date,vendor_code,ORDERAMOUNT,RLT_ORDER_PO_NO)  values('GC0013', '创力仕实业', '1007088','','','FSMR-DLW21SN181S','DLW21SN181SQ2L','0805 180 OHM',null,'',60000,.77,46200,'2011-02-09','GV0012', 60000,'P10032448');
insert into t_vendor_order_detail(c_code, SHORT_NAME, po_no, staff_id,staff_name,SETTLEMENT_TYPE,PO_NO_TYPE, c_part_no, part_no, pn_desc, comm_desc, spec_desc, amount, c_price, money, org_delivery_date,CUST_C_CODE,RLT_ORDER_PO_NO)  values('GV0012', '威雅利', 'P10032448','','','','0','DLW21SN181SQ2L','DLW21SN181SQ2L','0805 180 OHM',null,'',60000,.068,4080,'2010-02-09','GC0013','1007088');
insert into t_cust_order_detail(c_code, SHORT_NAME, po_no, staff_id,sales_id, c_part_no, part_no, pn_desc, comm_desc, spec_desc, amount, c_price, money, org_delivery_date,vendor_code,ORDERAMOUNT,RLT_ORDER_PO_NO)  values('GC0013', '创力仕实业', '1007088','','','FSMR-DLW21SN181S','DLW21SN181SQ2L','0805 180 OHM',null,'',50000,.77,38500,'2011-03-01','GV0012', 50000,'P10032448');
insert into t_vendor_order_detail(c_code, SHORT_NAME, po_no, staff_id,staff_name,SETTLEMENT_TYPE,PO_NO_TYPE, c_part_no, part_no, pn_desc, comm_desc, spec_desc, amount, c_price, money, org_delivery_date,CUST_C_CODE,RLT_ORDER_PO_NO)  values('GV0012', '威雅利', 'P10032448','','','','0','DLW21SN181SQ2L','DLW21SN181SQ2L','0805 180 OHM',null,'',50000,.068,3400,'2010-03-01','GC0013','1007088');
insert into t_cust_order_detail(c_code, SHORT_NAME, po_no, staff_id,sales_id, c_part_no, part_no, pn_desc, comm_desc, spec_desc, amount, c_price, money, org_delivery_date,vendor_code,ORDERAMOUNT,RLT_ORDER_PO_NO)  values('GC0013', '创力仕实业', '1007088','','','FSRR-A7503CY-330M','A7503CY-330M','TOKO',null,'',71000,.85,60350,'2010-12-01','GV0028', 71000,'P10032459');
insert into t_vendor_order(po_no,SHORT_NAME, c_code,order_time,create_time) values('P10032459','华龙东光RMB','GV0028', now(), now());
insert into t_vendor_order_detail(c_code, SHORT_NAME, po_no, staff_id,staff_name,SETTLEMENT_TYPE,PO_NO_TYPE, c_part_no, part_no, pn_desc, comm_desc, spec_desc, amount, c_price, money, org_delivery_date,CUST_C_CODE,RLT_ORDER_PO_NO)  values('GV0028', '华龙东光RMB', 'P10032459','','','','0','A7503CY-330M','A7503CY-330M','TOKO',null,'',71000,.65,46150,'2010-12-01','GC0013','1007088');
insert into t_cust_order_detail(c_code, SHORT_NAME, po_no, staff_id,sales_id, c_part_no, part_no, pn_desc, comm_desc, spec_desc, amount, c_price, money, org_delivery_date,vendor_code,ORDERAMOUNT,RLT_ORDER_PO_NO)  values('GC0013', '创力仕实业', '1007088','','','FSRR-A7503CY-330M','A7503CY-330M','TOKO',null,'',70000,.85,59500,'2011-01-03','GV0028', 70000,'P10032459');
insert into t_vendor_order_detail(c_code, SHORT_NAME, po_no, staff_id,staff_name,SETTLEMENT_TYPE,PO_NO_TYPE, c_part_no, part_no, pn_desc, comm_desc, spec_desc, amount, c_price, money, org_delivery_date,CUST_C_CODE,RLT_ORDER_PO_NO)  values('GV0028', '华龙东光RMB', 'P10032459','','','','0','A7503CY-330M','A7503CY-330M','TOKO',null,'',70000,.65,45500,'2010-01-03','GC0013','1007088');
insert into t_cust_order_detail(c_code, SHORT_NAME, po_no, staff_id,sales_id, c_part_no, part_no, pn_desc, comm_desc, spec_desc, amount, c_price, money, org_delivery_date,vendor_code,ORDERAMOUNT,RLT_ORDER_PO_NO)  values('GC0013', '创力仕实业', '1007088','','','FSRR-A7503CY-330M','A7503CY-330M','TOKO',null,'',60000,.85,51000,'2011-02-09','GV0028', 60000,'P10032459');
insert into t_vendor_order_detail(c_code, SHORT_NAME, po_no, staff_id,staff_name,SETTLEMENT_TYPE,PO_NO_TYPE, c_part_no, part_no, pn_desc, comm_desc, spec_desc, amount, c_price, money, org_delivery_date,CUST_C_CODE,RLT_ORDER_PO_NO)  values('GV0028', '华龙东光RMB', 'P10032459','','','','0','A7503CY-330M','A7503CY-330M','TOKO',null,'',60000,.65,39000,'2010-02-09','GC0013','1007088');
insert into t_cust_order_detail(c_code, SHORT_NAME, po_no, staff_id,sales_id, c_part_no, part_no, pn_desc, comm_desc, spec_desc, amount, c_price, money, org_delivery_date,vendor_code,ORDERAMOUNT,RLT_ORDER_PO_NO)  values('GC0013', '创力仕实业', '1007088','','','FSRR-A7503CY-330M','A7503CY-330M','TOKO',null,'',50000,.85,42500,'2011-03-01','GV0028', 50000,'P10032459');
insert into t_vendor_order_detail(c_code, SHORT_NAME, po_no, staff_id,staff_name,SETTLEMENT_TYPE,PO_NO_TYPE, c_part_no, part_no, pn_desc, comm_desc, spec_desc, amount, c_price, money, org_delivery_date,CUST_C_CODE,RLT_ORDER_PO_NO)  values('GV0028', '华龙东光RMB', 'P10032459','','','','0','A7503CY-330M','A7503CY-330M','TOKO',null,'',50000,.65,32500,'2010-03-01','GC0013','1007088');
insert into t_cust_order(po_no,SHORT_NAME, c_code,order_time,first_create_time,create_time) values('2010061003','保千里','GC0064', now(), now(), now());
insert into t_cust_order_detail(c_code, SHORT_NAME, po_no, staff_id,sales_id, c_part_no, part_no, pn_desc, comm_desc, spec_desc, amount, c_price, money, org_delivery_date,vendor_code,ORDERAMOUNT,RLT_ORDER_PO_NO)  values('GC0064', '保千里', '2010061003','','','56UH/3225','ELJPA560KF-G','3225 56UH',null,'机型：872EC 生产单号：RYE-100330-02',10000,.19,1900,'2010-08-09','GV0001', 10000,'P10032477');
insert into t_vendor_order(po_no,SHORT_NAME, c_code,order_time,create_time) values('P10032477','科翔兴','GV0001', now(), now());
insert into t_vendor_order_detail(c_code, SHORT_NAME, po_no, staff_id,staff_name,SETTLEMENT_TYPE,PO_NO_TYPE, c_part_no, part_no, pn_desc, comm_desc, spec_desc, amount, c_price, money, org_delivery_date,CUST_C_CODE,RLT_ORDER_PO_NO)  values('GV0001', '科翔兴', 'P10032477','','','','0','ELJPA560KF','ELJPA560KF-G','3225 56UH',null,'机型：872EC 生产单号：RYE-100330-02',10000,.0192,192,'2010-08-10','GC0064','2010061003');
insert into t_cust_order(po_no,SHORT_NAME, c_code,order_time,first_create_time,create_time) values('2010070104','保千里','GC0064', now(), now(), now());
insert into t_cust_order_detail(c_code, SHORT_NAME, po_no, staff_id,sales_id, c_part_no, part_no, pn_desc, comm_desc, spec_desc, amount, c_price, money, org_delivery_date,vendor_code,ORDERAMOUNT,RLT_ORDER_PO_NO)  values('GC0064', '保千里', '2010070104','','','56UH/3225','ELJPA560KF-G','3225 56UH',null,'',10000,.19,1900,'2010-08-09','GV0001', 10000,'P10032477');
insert into t_vendor_order_detail(c_code, SHORT_NAME, po_no, staff_id,staff_name,SETTLEMENT_TYPE,PO_NO_TYPE, c_part_no, part_no, pn_desc, comm_desc, spec_desc, amount, c_price, money, org_delivery_date,CUST_C_CODE,RLT_ORDER_PO_NO)  values('GV0001', '科翔兴', 'P10032477','','','','0','ELJPA560KF','ELJPA560KF-G','3225 56UH',null,'',10000,.0192,192,'2010-08-10','GC0064','2010070104');
insert into t_cust_order(po_no,SHORT_NAME, c_code,order_time,first_create_time,create_time) values('2010080501','保千里','GC0064', now(), now(), now());
insert into t_cust_order_detail(c_code, SHORT_NAME, po_no, staff_id,sales_id, c_part_no, part_no, pn_desc, comm_desc, spec_desc, amount, c_price, money, org_delivery_date,vendor_code,ORDERAMOUNT,RLT_ORDER_PO_NO)  values('GC0064', '保千里', '2010080501','','','56UH/3225','ELJPA560KF-G','3225 56UH',null,'',10000,.19,1900,'2010-08-09','GV0001', 10000,'P10032477');
insert into t_vendor_order_detail(c_code, SHORT_NAME, po_no, staff_id,staff_name,SETTLEMENT_TYPE,PO_NO_TYPE, c_part_no, part_no, pn_desc, comm_desc, spec_desc, amount, c_price, money, org_delivery_date,CUST_C_CODE,RLT_ORDER_PO_NO)  values('GV0001', '科翔兴', 'P10032477','','','','0','ELJPA560KF','ELJPA560KF-G','3225 56UH',null,'',10000,.0192,192,'2010-08-10','GC0064','2010080501');
insert into t_cust_order_detail(c_code, SHORT_NAME, po_no, staff_id,sales_id, c_part_no, part_no, pn_desc, comm_desc, spec_desc, amount, c_price, money, org_delivery_date,vendor_code,ORDERAMOUNT,RLT_ORDER_PO_NO)  values('GC0016', '飞歌汽车音响', 'FA-PO-A20100713007','','','DZ03V0022R0','GCRH74-102M','74 1000UH +/-20%',null,'',3000,.74,2220,'2010-08-15','GV0005', 3000,'P10032491');
insert into t_vendor_order(po_no,SHORT_NAME, c_code,order_time,create_time) values('P10032491','今凯','GV0005', now(), now());
insert into t_vendor_order_detail(c_code, SHORT_NAME, po_no, staff_id,staff_name,SETTLEMENT_TYPE,PO_NO_TYPE, c_part_no, part_no, pn_desc, comm_desc, spec_desc, amount, c_price, money, org_delivery_date,CUST_C_CODE,RLT_ORDER_PO_NO)  values('GV0005', '今凯', 'P10032491','','','','0','CKRH74-102M','GCRH74-102M','74 1000UH +/-20%',null,'',3000,.6,1800,'2010-08-10','GC0016','FA-PO-A20100713007');
insert into t_cust_order_detail(c_code, SHORT_NAME, po_no, staff_id,sales_id, c_part_no, part_no, pn_desc, comm_desc, spec_desc, amount, c_price, money, org_delivery_date,vendor_code,ORDERAMOUNT,RLT_ORDER_PO_NO)  values('GC0016', '飞歌汽车音响', 'FA-PO-A20100713007','','','DZ03V0022R0','GCRH74-102M','74 1000UH +/-20%',null,'',3000,.74,2220,'2010-10-15','GV0005', 3000,'P10032491');
insert into t_vendor_order_detail(c_code, SHORT_NAME, po_no, staff_id,staff_name,SETTLEMENT_TYPE,PO_NO_TYPE, c_part_no, part_no, pn_desc, comm_desc, spec_desc, amount, c_price, money, org_delivery_date,CUST_C_CODE,RLT_ORDER_PO_NO)  values('GV0005', '今凯', 'P10032491','','','','0','CKRH74-102M','GCRH74-102M','74 1000UH +/-20%',null,'',3000,.6,1800,'2010-08-10','GC0016','FA-PO-A20100713007');
insert into t_cust_order_detail(c_code, SHORT_NAME, po_no, staff_id,sales_id, c_part_no, part_no, pn_desc, comm_desc, spec_desc, amount, c_price, money, org_delivery_date,vendor_code,ORDERAMOUNT,RLT_ORDER_PO_NO)  values('GC0016', '飞歌汽车音响', 'FA-PO-A20100713007','','','DZ03V0009R0','GCRH125-470M','125 47UH +/-20%',null,'',3000,.75,2250,'2010-08-15','GV0005', 3000,'P10032491');
insert into t_vendor_order_detail(c_code, SHORT_NAME, po_no, staff_id,staff_name,SETTLEMENT_TYPE,PO_NO_TYPE, c_part_no, part_no, pn_desc, comm_desc, spec_desc, amount, c_price, money, org_delivery_date,CUST_C_CODE,RLT_ORDER_PO_NO)  values('GV0005', '今凯', 'P10032491','','','','0','CKRH125-470M','GCRH125-470M','125 47UH +/-20%',null,'',3000,.66,1980,'2010-08-10','GC0016','FA-PO-A20100713007');
insert into t_cust_order_detail(c_code, SHORT_NAME, po_no, staff_id,sales_id, c_part_no, part_no, pn_desc, comm_desc, spec_desc, amount, c_price, money, org_delivery_date,vendor_code,ORDERAMOUNT,RLT_ORDER_PO_NO)  values('GC0016', '飞歌汽车音响', 'FA-PO-A20100713007','','','DZ03V0009R0','GCRH125-470M','125 47UH +/-20%',null,'',2500,.75,1875,'2010-10-15','GV0005', 2500,'P10032491');
insert into t_vendor_order_detail(c_code, SHORT_NAME, po_no, staff_id,staff_name,SETTLEMENT_TYPE,PO_NO_TYPE, c_part_no, part_no, pn_desc, comm_desc, spec_desc, amount, c_price, money, org_delivery_date,CUST_C_CODE,RLT_ORDER_PO_NO)  values('GV0005', '今凯', 'P10032491','','','','0','CKRH125-470M','GCRH125-470M','125 47UH +/-20%',null,'',2500,.66,1650,'2010-08-10','GC0016','FA-PO-A20100713007');
insert into t_cust_order(po_no,SHORT_NAME, c_code,order_time,first_create_time,create_time) values('PG4865','建恩','GC0069', now(), now(), now());
insert into t_cust_order_detail(c_code, SHORT_NAME, po_no, staff_id,sales_id, c_part_no, part_no, pn_desc, comm_desc, spec_desc, amount, c_price, money, org_delivery_date,vendor_code,ORDERAMOUNT,RLT_ORDER_PO_NO)  values('GC0069', '建恩', 'PG4865','','','107E-1415-02-L','SDFL1608LR15KT(f)','顺络CHIP INDUCTOR 0603 150NH +/-10%',null,'',36000,.117,4212,'2010-09-02','GV0014', 36000,'P10032561');
insert into t_vendor_order(po_no,SHORT_NAME, c_code,order_time,create_time) values('P10032561','科宏茂','GV0014', now(), now());
insert into t_vendor_order_detail(c_code, SHORT_NAME, po_no, staff_id,staff_name,SETTLEMENT_TYPE,PO_NO_TYPE, c_part_no, part_no, pn_desc, comm_desc, spec_desc, amount, c_price, money, org_delivery_date,CUST_C_CODE,RLT_ORDER_PO_NO)  values('GV0014', '科宏茂', 'P10032561','','','','0','SDFL1608LR15KT(f)','SDFL1608LR15KT(f)','0603 150NH +/-10%',null,'',36000,.033,1188,'2010-09-01','GC0069','PG4865');
insert into t_cust_order_detail(c_code, SHORT_NAME, po_no, staff_id,sales_id, c_part_no, part_no, pn_desc, comm_desc, spec_desc, amount, c_price, money, org_delivery_date,vendor_code,ORDERAMOUNT,RLT_ORDER_PO_NO)  values('GC0069', '建恩', 'PG4865','','','107E-1415-02-L','SDFL1608LR15KT(f)','顺络CHIP INDUCTOR 0603 150NH +/-10%',null,'',56000,.117,6552,'2010-09-02','GV0014', 56000,'P10032561');
insert into t_vendor_order_detail(c_code, SHORT_NAME, po_no, staff_id,staff_name,SETTLEMENT_TYPE,PO_NO_TYPE, c_part_no, part_no, pn_desc, comm_desc, spec_desc, amount, c_price, money, org_delivery_date,CUST_C_CODE,RLT_ORDER_PO_NO)  values('GV0014', '科宏茂', 'P10032561','','','','0','SDFL1608LR15KT(f)','SDFL1608LR15KT(f)','0603 150NH +/-10%',null,'',56000,.033,1848,'2010-09-01','GC0069','PG4865');
insert into t_cust_order(po_no,SHORT_NAME, c_code,order_time,first_create_time,create_time) values('PO2010070191','建威','GC0048', now(), now(), now());
insert into t_cust_order_detail(c_code, SHORT_NAME, po_no, staff_id,sales_id, c_part_no, part_no, pn_desc, comm_desc, spec_desc, amount, c_price, money, org_delivery_date,vendor_code,ORDERAMOUNT,RLT_ORDER_PO_NO)  values('GC0048', '建威', 'PO2010070191','','','12-0400-0007E','GCRH2D18A/HP-4R7NC','2D18A/HP 4.7UH 高度2MM DCR小于78M欧 可耐电流0.63A +/-25% 对角型脚位',null,'',100000,.48,48000,'2010-07-18','GV0005', 100000,'P10032588');
insert into t_vendor_order(po_no,SHORT_NAME, c_code,order_time,create_time) values('P10032588','今凯','GV0005', now(), now());
insert into t_vendor_order_detail(c_code, SHORT_NAME, po_no, staff_id,staff_name,SETTLEMENT_TYPE,PO_NO_TYPE, c_part_no, part_no, pn_desc, comm_desc, spec_desc, amount, c_price, money, org_delivery_date,CUST_C_CODE,RLT_ORDER_PO_NO)  values('GV0005', '今凯', 'P10032588','','','','0','CKRH2D18A/HP-4R7NC','GCRH2D18A/HP-4R7NC','2D18A/HP 4.7UH 高度2MM DCR小于78M欧 可耐电流0.63A +/-25% 对角型脚位',null,'',100000,.473,47300,'2010-08-20','GC0048','PO2010070191');
insert into t_cust_order_detail(c_code, SHORT_NAME, po_no, staff_id,sales_id, c_part_no, part_no, pn_desc, comm_desc, spec_desc, amount, c_price, money, org_delivery_date,vendor_code,ORDERAMOUNT,RLT_ORDER_PO_NO)  values('GC0069', '建恩', 'PG4907','','','107H-0547-B4-L','GCD52-4R7NC','52 4.7UH +/-25%',null,'',826,.5616,463.8816,'2010-09-21','GV0005', 826,'P10032615');
insert into t_vendor_order(po_no,SHORT_NAME, c_code,order_time,create_time) values('P10032615','今凯','GV0005', now(), now());
insert into t_vendor_order_detail(c_code, SHORT_NAME, po_no, staff_id,staff_name,SETTLEMENT_TYPE,PO_NO_TYPE, c_part_no, part_no, pn_desc, comm_desc, spec_desc, amount, c_price, money, org_delivery_date,CUST_C_CODE,RLT_ORDER_PO_NO)  values('GV0005', '今凯', 'P10032615','','','','0','CKD52-4R7NC','GCD52-4R7NC','52 4.7UH +/-25%',null,'',826,.324,267.624,'2010-09-20','GC0069','PG4907');
insert into t_cust_order(po_no,SHORT_NAME, c_code,order_time,first_create_time,create_time) values('1007B0000642','数字印数码','GC0120', now(), now(), now());
insert into t_cust_order_detail(c_code, SHORT_NAME, po_no, staff_id,sales_id, c_part_no, part_no, pn_desc, comm_desc, spec_desc, amount, c_price, money, org_delivery_date,vendor_code,ORDERAMOUNT,RLT_ORDER_PO_NO)  values('GC0120', '数字印数码', '1007B0000642','','','MG1LC01R53KC00','GCRH2D14AT-1R5NC','2000mA 1.5UH 对角型脚位 +/-30%',null,'',1000,.55,550,'2010-08-03','GV0005', 1000,'P10032666');
insert into t_vendor_order(po_no,SHORT_NAME, c_code,order_time,create_time) values('P10032666','今凯','GV0005', now(), now());
insert into t_vendor_order_detail(c_code, SHORT_NAME, po_no, staff_id,staff_name,SETTLEMENT_TYPE,PO_NO_TYPE, c_part_no, part_no, pn_desc, comm_desc, spec_desc, amount, c_price, money, org_delivery_date,CUST_C_CODE,RLT_ORDER_PO_NO)  values('GV0005', '今凯', 'P10032666','','','','0','CKRH2D14AT-1R5NC','GCRH2D14AT-1R5NC','2000mA 1.5UH 对角型脚位 +/-30%',null,'',1000,.473,473,'2010-08-15','GC0120','1007B0000642');
insert into t_cust_order(po_no,SHORT_NAME, c_code,order_time,first_create_time,create_time) values('201007026004','康乾电子','GC0127', now(), now(), now());
insert into t_cust_order_detail(c_code, SHORT_NAME, po_no, staff_id,sales_id, c_part_no, part_no, pn_desc, comm_desc, spec_desc, amount, c_price, money, org_delivery_date,vendor_code,ORDERAMOUNT,RLT_ORDER_PO_NO)  values('GC0127', '康乾电子', '201007026004','','','GCRH3D28/LD-101NC','GCRH3D28/LD-101NC','3D28 100UH +/-25% 半月型脚位\r\n',null,'',2500,.78,1950,'2010-08-09','GV0005', 2500,'P10032666');
insert into t_vendor_order_detail(c_code, SHORT_NAME, po_no, staff_id,staff_name,SETTLEMENT_TYPE,PO_NO_TYPE, c_part_no, part_no, pn_desc, comm_desc, spec_desc, amount, c_price, money, org_delivery_date,CUST_C_CODE,RLT_ORDER_PO_NO)  values('GV0005', '今凯', 'P10032666','','','','0','CKRH3D28A-101NC','GCRH3D28/LD-101NC','3D28 100UH +/-25% 半月型脚位\r\n',null,'',2500,.48,1200,'2010-08-15','GC0127','201007026004');
insert into t_cust_order(po_no,SHORT_NAME, c_code,order_time,first_create_time,create_time) values('CG-10-07-29-1525','美赛达','GC0049', now(), now(), now());
insert into t_cust_order_detail(c_code, SHORT_NAME, po_no, staff_id,sales_id, c_part_no, part_no, pn_desc, comm_desc, spec_desc, amount, c_price, money, org_delivery_date,vendor_code,ORDERAMOUNT,RLT_ORDER_PO_NO)  values('GC0049', '美赛达', 'CG-10-07-29-1525','','','105100U07','GCRH104R-101NC','104R 100UH +/-25%\r\n',null,'',2000,.68,1360,'2010-08-09','GV0005', 2000,'P10032666');
insert into t_vendor_order_detail(c_code, SHORT_NAME, po_no, staff_id,staff_name,SETTLEMENT_TYPE,PO_NO_TYPE, c_part_no, part_no, pn_desc, comm_desc, spec_desc, amount, c_price, money, org_delivery_date,CUST_C_CODE,RLT_ORDER_PO_NO)  values('GV0005', '今凯', 'P10032666','','','','0','CKRH104R-101NC','GCRH104R-101NC','104R 100UH +/-25%\r\n',null,'',2000,.68,1360,'2010-08-10','GC0049','CG-10-07-29-1525');
insert into t_cust_order(po_no,SHORT_NAME, c_code,order_time,first_create_time,create_time) values('1007447','创力仕实业','GC0013', now(), now(), now());
insert into t_cust_order_detail(c_code, SHORT_NAME, po_no, staff_id,sales_id, c_part_no, part_no, pn_desc, comm_desc, spec_desc, amount, c_price, money, org_delivery_date,vendor_code,ORDERAMOUNT,RLT_ORDER_PO_NO)  values('GC0013', '创力仕实业', '1007447','','','FSMR-FSLM25202R7J','#FSLM2520-2R7J=P2','TOKO',null,'',60000,.31,18600,'2010-11-01','GV0003', 60000,'P10032709');
insert into t_vendor_order(po_no,SHORT_NAME, c_code,order_time,create_time) values('P10032709','华龙东光','GV0003', now(), now());
insert into t_vendor_order_detail(c_code, SHORT_NAME, po_no, staff_id,staff_name,SETTLEMENT_TYPE,PO_NO_TYPE, c_part_no, part_no, pn_desc, comm_desc, spec_desc, amount, c_price, money, org_delivery_date,CUST_C_CODE,RLT_ORDER_PO_NO)  values('GV0003', '华龙东光', 'P10032709','','','','0','#FSLM2520-2R7J=P2','#FSLM2520-2R7J=P2','TOKO',null,'',60000,.028,1680,'2010-11-01','GC0013','1007447');
insert into t_cust_order_detail(c_code, SHORT_NAME, po_no, staff_id,sales_id, c_part_no, part_no, pn_desc, comm_desc, spec_desc, amount, c_price, money, org_delivery_date,vendor_code,ORDERAMOUNT,RLT_ORDER_PO_NO)  values('GC0013', '创力仕实业', '1007447','','','FSMR-FSLM25202R7J','#FSLM2520-2R7J=P2','TOKO',null,'',60000,.31,18600,'2010-12-01','GV0003', 60000,'P10032709');
insert into t_vendor_order_detail(c_code, SHORT_NAME, po_no, staff_id,staff_name,SETTLEMENT_TYPE,PO_NO_TYPE, c_part_no, part_no, pn_desc, comm_desc, spec_desc, amount, c_price, money, org_delivery_date,CUST_C_CODE,RLT_ORDER_PO_NO)  values('GV0003', '华龙东光', 'P10032709','','','','0','#FSLM2520-2R7J=P2','#FSLM2520-2R7J=P2','TOKO',null,'',60000,.028,1680,'2010-12-01','GC0013','1007447');
insert into t_cust_order_detail(c_code, SHORT_NAME, po_no, staff_id,sales_id, c_part_no, part_no, pn_desc, comm_desc, spec_desc, amount, c_price, money, org_delivery_date,vendor_code,ORDERAMOUNT,RLT_ORDER_PO_NO)  values('GC0013', '创力仕实业', '1007447','','','FSMR-FSLM25202R7J','#FSLM2520-2R7J=P2','TOKO',null,'',70000,.31,21700,'2011-03-01','GV0003', 70000,'P10032709');
insert into t_vendor_order_detail(c_code, SHORT_NAME, po_no, staff_id,staff_name,SETTLEMENT_TYPE,PO_NO_TYPE, c_part_no, part_no, pn_desc, comm_desc, spec_desc, amount, c_price, money, org_delivery_date,CUST_C_CODE,RLT_ORDER_PO_NO)  values('GV0003', '华龙东光', 'P10032709','','','','0','#FSLM2520-2R7J=P2','#FSLM2520-2R7J=P2','TOKO',null,'',70000,.028,1960,'2011-01-03','GC0013','1007447');
insert into t_cust_order_detail(c_code, SHORT_NAME, po_no, staff_id,sales_id, c_part_no, part_no, pn_desc, comm_desc, spec_desc, amount, c_price, money, org_delivery_date,vendor_code,ORDERAMOUNT,RLT_ORDER_PO_NO)  values('GC0013', '创力仕实业', '1007447','','','FSMR-FSLM25202R7J','#FSLM2520-2R7J=P2','TOKO',null,'',70000,.31,21700,'2011-02-09','GV0003', 70000,'P10032709');
insert into t_vendor_order_detail(c_code, SHORT_NAME, po_no, staff_id,staff_name,SETTLEMENT_TYPE,PO_NO_TYPE, c_part_no, part_no, pn_desc, comm_desc, spec_desc, amount, c_price, money, org_delivery_date,CUST_C_CODE,RLT_ORDER_PO_NO)  values('GV0003', '华龙东光', 'P10032709','','','','0','#FSLM2520-2R7J=P2','#FSLM2520-2R7J=P2','TOKO',null,'',70000,.028,1960,'2011-02-09','GC0013','1007447');
insert into t_cust_order_detail(c_code, SHORT_NAME, po_no, staff_id,sales_id, c_part_no, part_no, pn_desc, comm_desc, spec_desc, amount, c_price, money, org_delivery_date,vendor_code,ORDERAMOUNT,RLT_ORDER_PO_NO)  values('GC0013', '创力仕实业', '1007447','','','FSMR-FSLM25202R7J','#FSLM2520-2R7J=P2','TOKO',null,'',40000,.31,12400,'2011-03-01','GV0003', 40000,'P10032709');
insert into t_vendor_order_detail(c_code, SHORT_NAME, po_no, staff_id,staff_name,SETTLEMENT_TYPE,PO_NO_TYPE, c_part_no, part_no, pn_desc, comm_desc, spec_desc, amount, c_price, money, org_delivery_date,CUST_C_CODE,RLT_ORDER_PO_NO)  values('GV0003', '华龙东光', 'P10032709','','','','0','#FSLM2520-2R7J=P2','#FSLM2520-2R7J=P2','TOKO',null,'',40000,.028,1120,'2011-03-01','GC0013','1007447');
insert into t_cust_order(po_no,SHORT_NAME, c_code,order_time,first_create_time,create_time) values('GH20100233','王强','GC0121', now(), now(), now());
insert into t_cust_order_detail(c_code, SHORT_NAME, po_no, staff_id,sales_id, c_part_no, part_no, pn_desc, comm_desc, spec_desc, amount, c_price, money, org_delivery_date,vendor_code,ORDERAMOUNT,RLT_ORDER_PO_NO)  values('GC0121', '王强', 'GH20100233','','','#FSLM2520-221J=P2','#FSLM2520-221J=P2','TOKO',null,'',30000,.29,8700,'2010-08-09','GV0003', 30000,'P10032709');
insert into t_vendor_order_detail(c_code, SHORT_NAME, po_no, staff_id,staff_name,SETTLEMENT_TYPE,PO_NO_TYPE, c_part_no, part_no, pn_desc, comm_desc, spec_desc, amount, c_price, money, org_delivery_date,CUST_C_CODE,RLT_ORDER_PO_NO)  values('GV0003', '华龙东光', 'P10032709','','','','0','#FSLM2520-221J=P2','#FSLM2520-221J=P2','TOKO',null,'',30000,.028,840,'2010-08-10','GC0121','GH20100233');
insert into t_cust_order_detail(c_code, SHORT_NAME, po_no, staff_id,sales_id, c_part_no, part_no, pn_desc, comm_desc, spec_desc, amount, c_price, money, org_delivery_date,vendor_code,ORDERAMOUNT,RLT_ORDER_PO_NO)  values('GC0121', '王强', 'GH20100233','','','LL1608-FSL15NJ','GLE-15NJ-L-01','TOKO',null,'',52000,.068,3536,'2010-08-09','GV0003', 52000,'P10032709');
insert into t_vendor_order_detail(c_code, SHORT_NAME, po_no, staff_id,staff_name,SETTLEMENT_TYPE,PO_NO_TYPE, c_part_no, part_no, pn_desc, comm_desc, spec_desc, amount, c_price, money, org_delivery_date,CUST_C_CODE,RLT_ORDER_PO_NO)  values('GV0003', '华龙东光', 'P10032709','','','','0','LL1608-FSL15NJ','GLE-15NJ-L-01','TOKO',null,'',52000,.0084,436.8,'2010-08-16','GC0121','GH20100233');
insert into t_cust_order(po_no,SHORT_NAME, c_code,order_time,first_create_time,create_time) values('GR-GD1012Z','金轮','GC0005', now(), now(), now());
insert into t_cust_order_detail(c_code, SHORT_NAME, po_no, staff_id,sales_id, c_part_no, part_no, pn_desc, comm_desc, spec_desc, amount, c_price, money, org_delivery_date,vendor_code,ORDERAMOUNT,RLT_ORDER_PO_NO)  values('GC0005', '金轮', 'GR-GD1012Z','','','#892NBS-470M=P3','#892NBS-470M=P3','TOKO',null,'可确定明细',1500,.5,750,'2010-08-09','GV0003', 1500,'P10032709');
insert into t_vendor_order_detail(c_code, SHORT_NAME, po_no, staff_id,staff_name,SETTLEMENT_TYPE,PO_NO_TYPE, c_part_no, part_no, pn_desc, comm_desc, spec_desc, amount, c_price, money, org_delivery_date,CUST_C_CODE,RLT_ORDER_PO_NO)  values('GV0003', '华龙东光', 'P10032709','','','','0','#892NBS-470M=P3','#892NBS-470M=P3','TOKO',null,'可确定明细',1500,.28,420,'2010-09-10','GC0005','GR-GD1012Z');
insert into t_cust_order_detail(c_code, SHORT_NAME, po_no, staff_id,sales_id, c_part_no, part_no, pn_desc, comm_desc, spec_desc, amount, c_price, money, org_delivery_date,vendor_code,ORDERAMOUNT,RLT_ORDER_PO_NO)  values('GC0005', '金轮', 'GR-GD1012Z','','','#126ANS-T1098Z','GLE-1098-L-01','TOKO',null,'可确定明细',2000,.24,480,'2010-08-09','GV0003', 2000,'P10032709');
insert into t_vendor_order_detail(c_code, SHORT_NAME, po_no, staff_id,staff_name,SETTLEMENT_TYPE,PO_NO_TYPE, c_part_no, part_no, pn_desc, comm_desc, spec_desc, amount, c_price, money, org_delivery_date,CUST_C_CODE,RLT_ORDER_PO_NO)  values('GV0003', '华龙东光', 'P10032709','','','','0','#126ANS-T1098Z','GLE-1098-L-01','TOKO',null,'可确定明细',2000,.121,242,'2010-09-10','GC0005','GR-GD1012Z');
insert into t_cust_order_detail(c_code, SHORT_NAME, po_no, staff_id,sales_id, c_part_no, part_no, pn_desc, comm_desc, spec_desc, amount, c_price, money, org_delivery_date,vendor_code,ORDERAMOUNT,RLT_ORDER_PO_NO)  values('GC0005', '金轮', 'GR-GD1012Z','','','#5PLC-1055Z','GLE-1055-L-01','TOKO',null,'可确定明细',2000,.24,480,'2010-08-09','GV0003', 2000,'P10032709');
insert into t_vendor_order_detail(c_code, SHORT_NAME, po_no, staff_id,staff_name,SETTLEMENT_TYPE,PO_NO_TYPE, c_part_no, part_no, pn_desc, comm_desc, spec_desc, amount, c_price, money, org_delivery_date,CUST_C_CODE,RLT_ORDER_PO_NO)  values('GV0003', '华龙东光', 'P10032709','','','','0','#5PLC-1055Z','GLE-1055-L-01','TOKO',null,'可确定明细',2000,.194,388,'2010-09-10','GC0005','GR-GD1012Z');
insert into t_cust_order(po_no,SHORT_NAME, c_code,order_time,first_create_time,create_time) values('GR-GD1014Z','金轮','GC0005', now(), now(), now());
insert into t_cust_order_detail(c_code, SHORT_NAME, po_no, staff_id,sales_id, c_part_no, part_no, pn_desc, comm_desc, spec_desc, amount, c_price, money, org_delivery_date,vendor_code,ORDERAMOUNT,RLT_ORDER_PO_NO)  values('GC0005', '金轮', 'GR-GD1014Z','','','LL1608-FSL8N2J','LL1608-FSL8N2J','TOKO\r\n',null,'可确定明细',20000,.011,220,'2010-08-09','GV0003', 20000,'P10032709');
insert into t_vendor_order_detail(c_code, SHORT_NAME, po_no, staff_id,staff_name,SETTLEMENT_TYPE,PO_NO_TYPE, c_part_no, part_no, pn_desc, comm_desc, spec_desc, amount, c_price, money, org_delivery_date,CUST_C_CODE,RLT_ORDER_PO_NO)  values('GV0003', '华龙东光', 'P10032709','','','','0','LL1608-FSL8N2J','LL1608-FSL8N2J','TOKO\r\n',null,'可确定明细',20000,.0084,168,'2010-09-10','GC0005','GR-GD1014Z');
insert into t_cust_order(po_no,SHORT_NAME, c_code,order_time,first_create_time,create_time) values('GR-GD1017Z','金轮','GC0005', now(), now(), now());
insert into t_cust_order_detail(c_code, SHORT_NAME, po_no, staff_id,sales_id, c_part_no, part_no, pn_desc, comm_desc, spec_desc, amount, c_price, money, org_delivery_date,vendor_code,ORDERAMOUNT,RLT_ORDER_PO_NO)  values('GC0005', '金轮', 'GR-GD1017Z','','','#A921CY-100M=P3','GLE-100M-L-02','TOKO',null,'可确定明细',15000,.17,2550,'2010-08-09','GV0003', 15000,'P10032709');
insert into t_vendor_order_detail(c_code, SHORT_NAME, po_no, staff_id,staff_name,SETTLEMENT_TYPE,PO_NO_TYPE, c_part_no, part_no, pn_desc, comm_desc, spec_desc, amount, c_price, money, org_delivery_date,CUST_C_CODE,RLT_ORDER_PO_NO)  values('GV0003', '华龙东光', 'P10032709','','','','0','#A921CY-100M=P3','GLE-100M-L-02','TOKO',null,'可确定明细',15000,.119,1785,'2010-09-10','GC0005','GR-GD1017Z');
insert into t_cust_order_detail(c_code, SHORT_NAME, po_no, staff_id,sales_id, c_part_no, part_no, pn_desc, comm_desc, spec_desc, amount, c_price, money, org_delivery_date,vendor_code,ORDERAMOUNT,RLT_ORDER_PO_NO)  values('GC0005', '金轮', 'GR-GD1017Z','','','#875FU-682M=P3','GLE-0682-L-01','TOKO',null,'可确定明细',6000,.2,1200,'2010-08-09','GV0003', 6000,'P10032709');
insert into t_vendor_order_detail(c_code, SHORT_NAME, po_no, staff_id,staff_name,SETTLEMENT_TYPE,PO_NO_TYPE, c_part_no, part_no, pn_desc, comm_desc, spec_desc, amount, c_price, money, org_delivery_date,CUST_C_CODE,RLT_ORDER_PO_NO)  values('GV0003', '华龙东光', 'P10032709','','','','0','#875FU-682M=P3','GLE-0682-L-01','TOKO',null,'可确定明细',6000,.097,582,'2010-09-10','GC0005','GR-GD1017Z');
insert into t_cust_order_detail(c_code, SHORT_NAME, po_no, staff_id,sales_id, c_part_no, part_no, pn_desc, comm_desc, spec_desc, amount, c_price, money, org_delivery_date,vendor_code,ORDERAMOUNT,RLT_ORDER_PO_NO)  values('GC0005', '金轮', 'GR-GD1017Z','','','#919AS-1R8N=P3','#919AS-1R8N=P3','TOKO',null,'可确定明细',2500,.42,1050,'2010-08-09','GV0003', 2500,'P10032709');
insert into t_vendor_order_detail(c_code, SHORT_NAME, po_no, staff_id,staff_name,SETTLEMENT_TYPE,PO_NO_TYPE, c_part_no, part_no, pn_desc, comm_desc, spec_desc, amount, c_price, money, org_delivery_date,CUST_C_CODE,RLT_ORDER_PO_NO)  values('GV0003', '华龙东光', 'P10032709','','','','0','#919AS-1R8N=P3','#919AS-1R8N=P3','TOKO',null,'可确定明细',2500,.19,475,'2010-09-10','GC0005','GR-GD1017Z');
insert into t_cust_order_detail(c_code, SHORT_NAME, po_no, staff_id,sales_id, c_part_no, part_no, pn_desc, comm_desc, spec_desc, amount, c_price, money, org_delivery_date,vendor_code,ORDERAMOUNT,RLT_ORDER_PO_NO)  values('GC0005', '金轮', 'GR-GD1017Z','','','LL1608-FSL6N8J','LL1608-FSL6N8J','TOKO\r\n',null,'可确定明细',28000,.011,308,'2010-08-09','GV0003', 28000,'P10032709');
insert into t_vendor_order_detail(c_code, SHORT_NAME, po_no, staff_id,staff_name,SETTLEMENT_TYPE,PO_NO_TYPE, c_part_no, part_no, pn_desc, comm_desc, spec_desc, amount, c_price, money, org_delivery_date,CUST_C_CODE,RLT_ORDER_PO_NO)  values('GV0003', '华龙东光', 'P10032709','','','','0','LL1608-FSL6N8J','LL1608-FSL6N8J','TOKO\r\n',null,'可确定明细',28000,.0084,235.2,'2010-09-10','GC0005','GR-GD1017Z');
insert into t_cust_order(po_no,SHORT_NAME, c_code,order_time,first_create_time,create_time) values('GR-GD1018Z','金轮','GC0005', now(), now(), now());
insert into t_cust_order_detail(c_code, SHORT_NAME, po_no, staff_id,sales_id, c_part_no, part_no, pn_desc, comm_desc, spec_desc, amount, c_price, money, org_delivery_date,vendor_code,ORDERAMOUNT,RLT_ORDER_PO_NO)  values('GC0005', '金轮', 'GR-GD1018Z','','','#A638AN-0156Z=P3','GLE-0156-L-04','松下 3*3-50K欧 #A638AN-0156Z=P3\r\n',null,'可确定明细',1500,.45,675,'2010-08-09','GV0003', 1500,'P10032709');
insert into t_vendor_order_detail(c_code, SHORT_NAME, po_no, staff_id,staff_name,SETTLEMENT_TYPE,PO_NO_TYPE, c_part_no, part_no, pn_desc, comm_desc, spec_desc, amount, c_price, money, org_delivery_date,CUST_C_CODE,RLT_ORDER_PO_NO)  values('GV0003', '华龙东光', 'P10032709','','','','0','#A638AN-0156Z=P3','GLE-0156-L-04','松下 3*3-50K欧 #A638AN-0156Z=P3\r\n',null,'可确定明细',1500,.216,324,'2010-09-10','GC0005','GR-GD1018Z');
insert into t_cust_order_detail(c_code, SHORT_NAME, po_no, staff_id,sales_id, c_part_no, part_no, pn_desc, comm_desc, spec_desc, amount, c_price, money, org_delivery_date,vendor_code,ORDERAMOUNT,RLT_ORDER_PO_NO)  values('GC0069', '建恩', 'PG4907','','','107E-0547-03-L','#A997AS-4R7M','4.7UH TOKO',null,'',2000,1.4625,2925,'2010-09-21','GV0028', 2000,'P10032710');
insert into t_vendor_order(po_no,SHORT_NAME, c_code,order_time,create_time) values('P10032710','华龙东光RMB','GV0028', now(), now());
insert into t_vendor_order_detail(c_code, SHORT_NAME, po_no, staff_id,staff_name,SETTLEMENT_TYPE,PO_NO_TYPE, c_part_no, part_no, pn_desc, comm_desc, spec_desc, amount, c_price, money, org_delivery_date,CUST_C_CODE,RLT_ORDER_PO_NO)  values('GV0028', '华龙东光RMB', 'P10032710','','','','0','#A997AS-4R7M','#A997AS-4R7M','4.7UH TOKO',null,'',2000,.76,1520,'2010-09-05','GC0069','PG4907');
insert into t_cust_order(po_no,SHORT_NAME, c_code,order_time,first_create_time,create_time) values('201007029006','康乾电子','GC0127', now(), now(), now());
insert into t_cust_order_detail(c_code, SHORT_NAME, po_no, staff_id,sales_id, c_part_no, part_no, pn_desc, comm_desc, spec_desc, amount, c_price, money, org_delivery_date,vendor_code,ORDERAMOUNT,RLT_ORDER_PO_NO)  values('GC0127', '康乾电子', '201007029006','','','GCRH105R-101NC','GCRH105R-101NC','105R 100UH +/-25%\r\n',null,'',800,.9,720,'2010-08-09','GV0005', 800,'P10032722');
insert into t_vendor_order(po_no,SHORT_NAME, c_code,order_time,create_time) values('P10032722','今凯','GV0005', now(), now());
insert into t_vendor_order_detail(c_code, SHORT_NAME, po_no, staff_id,staff_name,SETTLEMENT_TYPE,PO_NO_TYPE, c_part_no, part_no, pn_desc, comm_desc, spec_desc, amount, c_price, money, org_delivery_date,CUST_C_CODE,RLT_ORDER_PO_NO)  values('GV0005', '今凯', 'P10032722','','','','0','CKRH105R-101NC','GCRH105R-101NC','105R 100UH +/-25%\r\n',null,'',800,.836,668.8,'2010-08-15','GC0127','201007029006');
insert into t_cust_order(po_no,SHORT_NAME, c_code,order_time,first_create_time,create_time) values('CZ20100727001','泽昶','GC0107', now(), now(), now());
insert into t_cust_order_detail(c_code, SHORT_NAME, po_no, staff_id,sales_id, c_part_no, part_no, pn_desc, comm_desc, spec_desc, amount, c_price, money, org_delivery_date,vendor_code,ORDERAMOUNT,RLT_ORDER_PO_NO)  values('GC0107', '泽昶', 'CZ20100727001','','','GCRH127-330N','GCRH127-330NC','127 33UH +/-25%',null,'',6000,.9,5400,'2010-08-06','GV0005', 6000,'P10032722');
insert into t_vendor_order_detail(c_code, SHORT_NAME, po_no, staff_id,staff_name,SETTLEMENT_TYPE,PO_NO_TYPE, c_part_no, part_no, pn_desc, comm_desc, spec_desc, amount, c_price, money, org_delivery_date,CUST_C_CODE,RLT_ORDER_PO_NO)  values('GV0005', '今凯', 'P10032722','','','','0','CKRH127-330NC','GCRH127-330NC','127 33UH +/-25%',null,'',6000,.66,3960,'2010-08-10','GC0107','CZ20100727001');
insert into t_cust_order_detail(c_code, SHORT_NAME, po_no, staff_id,sales_id, c_part_no, part_no, pn_desc, comm_desc, spec_desc, amount, c_price, money, org_delivery_date,vendor_code,ORDERAMOUNT,RLT_ORDER_PO_NO)  values('GC0083', '昱鑫共创', 'YX10072608','','','GCRH4D18-331NC','GCRH4D18-331NC','4D18 330UH +/-25%',null,'可确定明细',4000,.56,2240,'2010-07-30','GV0005', 4000,'P10032722');
insert into t_vendor_order_detail(c_code, SHORT_NAME, po_no, staff_id,staff_name,SETTLEMENT_TYPE,PO_NO_TYPE, c_part_no, part_no, pn_desc, comm_desc, spec_desc, amount, c_price, money, org_delivery_date,CUST_C_CODE,RLT_ORDER_PO_NO)  values('GV0005', '今凯', 'P10032722','','','','0','CKRH4D18-331NC','GCRH4D18-331NC','4D18 330UH +/-25%',null,'可确定明细',4000,.45,1800,'2010-08-20','GC0083','YX10072608');
insert into t_cust_order(po_no,SHORT_NAME, c_code,order_time,first_create_time,create_time) values('PO10072730','利明实业','GC0031', now(), now(), now());
insert into t_cust_order_detail(c_code, SHORT_NAME, po_no, staff_id,sales_id, c_part_no, part_no, pn_desc, comm_desc, spec_desc, amount, c_price, money, org_delivery_date,vendor_code,ORDERAMOUNT,RLT_ORDER_PO_NO)  values('GC0031', '利明实业', 'PO10072730','','','EDI332CD3201','GCD32-3R3NC','32 3.3UH  +/-25%25%\r\n',null,'',12000,.25,3000,'2010-07-31','GV0006', 12000,'P10032736');
insert into t_vendor_order(po_no,SHORT_NAME, c_code,order_time,create_time) values('P10032736','海瑞达','GV0006', now(), now());
insert into t_vendor_order_detail(c_code, SHORT_NAME, po_no, staff_id,staff_name,SETTLEMENT_TYPE,PO_NO_TYPE, c_part_no, part_no, pn_desc, comm_desc, spec_desc, amount, c_price, money, org_delivery_date,CUST_C_CODE,RLT_ORDER_PO_NO)  values('GV0006', '海瑞达', 'P10032736','','','','0','HSM32-3R3NC','GCD32-3R3NC','32 3.3UH  +/-25%25%\r\n',null,'',12000,.162,1944,'2010-08-09','GC0031','PO10072730');
insert into t_cust_order(po_no,SHORT_NAME, c_code,order_time,first_create_time,create_time) values('4503040991','荣文灯饰','GC0103', now(), now(), now());
insert into t_cust_order_detail(c_code, SHORT_NAME, po_no, staff_id,sales_id, c_part_no, part_no, pn_desc, comm_desc, spec_desc, amount, c_price, money, org_delivery_date,vendor_code,ORDERAMOUNT,RLT_ORDER_PO_NO)  values('GC0103', '荣文灯饰', '4503040991','','','L00-4703','SPT0508A-471KR28-PF','TDK 电感 Inductor 470uH',null,'旧型号：6978-0206',28000,.0671,1878.8,'2010-08-20','GV0018', 28000,'P10032746');
insert into t_vendor_order(po_no,SHORT_NAME, c_code,order_time,create_time) values('P10032746','天河','GV0018', now(), now());
insert into t_vendor_order_detail(c_code, SHORT_NAME, po_no, staff_id,staff_name,SETTLEMENT_TYPE,PO_NO_TYPE, c_part_no, part_no, pn_desc, comm_desc, spec_desc, amount, c_price, money, org_delivery_date,CUST_C_CODE,RLT_ORDER_PO_NO)  values('GV0018', '天河', 'P10032746','','','','0','SPT0508A-471KR28-PF','SPT0508A-471KR28-PF','TDK 电感 Inductor 470uH',null,'旧型号：6978-0206',28000,.25,7000,'2010-08-10','GC0103','4503040991');
insert into t_cust_order_detail(c_code, SHORT_NAME, po_no, staff_id,sales_id, c_part_no, part_no, pn_desc, comm_desc, spec_desc, amount, c_price, money, org_delivery_date,vendor_code,ORDERAMOUNT,RLT_ORDER_PO_NO)  values('GC0070', '富视安', 'PO10072208','','','09-50-R1101','GCRH105R-111K','105R 110UH +/-10%',null,'',2000,.76,1520,'2010-07-27','GV0006', 2000,'P10032755');
insert into t_vendor_order(po_no,SHORT_NAME, c_code,order_time,create_time) values('P10032755','海瑞达','GV0006', now(), now());
insert into t_vendor_order_detail(c_code, SHORT_NAME, po_no, staff_id,staff_name,SETTLEMENT_TYPE,PO_NO_TYPE, c_part_no, part_no, pn_desc, comm_desc, spec_desc, amount, c_price, money, org_delivery_date,CUST_C_CODE,RLT_ORDER_PO_NO)  values('GV0006', '海瑞达', 'P10032755','','','','0','HSMRH105R-111K','GCRH105R-111K','105R 110UH +/-10%',null,'',2000,.5,1000,'2010-08-08','GC0070','PO10072208');
insert into t_cust_order(po_no,SHORT_NAME, c_code,order_time,first_create_time,create_time) values('XWTPO100721002','新纬图','GC0044', now(), now(), now());
insert into t_cust_order_detail(c_code, SHORT_NAME, po_no, staff_id,sales_id, c_part_no, part_no, pn_desc, comm_desc, spec_desc, amount, c_price, money, org_delivery_date,vendor_code,ORDERAMOUNT,RLT_ORDER_PO_NO)  values('GC0044', '新纬图', 'XWTPO100721002','','','DR09L12AM10UX','GCP0910-100M','DR09L12AM10UX/10UH/3.6A/pin 间距5mm\r\n',null,'',400,.35,140,'2010-07-21','GV0006', 400,'P10032755');
insert into t_vendor_order_detail(c_code, SHORT_NAME, po_no, staff_id,staff_name,SETTLEMENT_TYPE,PO_NO_TYPE, c_part_no, part_no, pn_desc, comm_desc, spec_desc, amount, c_price, money, org_delivery_date,CUST_C_CODE,RLT_ORDER_PO_NO)  values('GV0006', '海瑞达', 'P10032755','','','','0','PK0910-100M','GCP0910-100M','DR09L12AM10UX/10UH/3.6A/pin 间距5mm\r\n',null,'',400,.173,69.2,'2010-08-10','GC0044','XWTPO100721002');
insert into t_cust_order_detail(c_code, SHORT_NAME, po_no, staff_id,sales_id, c_part_no, part_no, pn_desc, comm_desc, spec_desc, amount, c_price, money, org_delivery_date,vendor_code,ORDERAMOUNT,RLT_ORDER_PO_NO)  values('GC0028', '景阳科技', 'POORD004637','','','CDRH2D18-1UH','GCRH2D18A/HP-1R0NC','2D18 1UH +/-25% 对角型脚位 大电流\r\n',null,'',1000,.8,800,'2010-08-09','GV0005', 1000,'P10032762');
insert into t_vendor_order(po_no,SHORT_NAME, c_code,order_time,create_time) values('P10032762','今凯','GV0005', now(), now());
insert into t_vendor_order_detail(c_code, SHORT_NAME, po_no, staff_id,staff_name,SETTLEMENT_TYPE,PO_NO_TYPE, c_part_no, part_no, pn_desc, comm_desc, spec_desc, amount, c_price, money, org_delivery_date,CUST_C_CODE,RLT_ORDER_PO_NO)  values('GV0005', '今凯', 'P10032762','','','','0','CKRH2D18A/HP-1R0NC','GCRH2D18A/HP-1R0NC','2D18 1UH +/-25% 对角型脚位 大电流\r\n',null,'',1000,.473,473,'2010-08-09','GC0028','POORD004637');
insert into t_cust_order(po_no,SHORT_NAME, c_code,order_time,first_create_time,create_time) values('1007B0001095','数字印数码','GC0120', now(), now(), now());
insert into t_cust_order_detail(c_code, SHORT_NAME, po_no, staff_id,sales_id, c_part_no, part_no, pn_desc, comm_desc, spec_desc, amount, c_price, money, org_delivery_date,vendor_code,ORDERAMOUNT,RLT_ORDER_PO_NO)  values('GC0120', '数字印数码', '1007B0001095','','','MG1LC01U54WC00','GCRH3D16A/HP-1R5M','3D16 1.5UH +/-20% 对角型脚位 大电流\r\n',null,'',1000,.5,500,'2010-08-09','GV0005', 1000,'P10032781');
insert into t_vendor_order(po_no,SHORT_NAME, c_code,order_time,create_time) values('P10032781','今凯','GV0005', now(), now());
insert into t_vendor_order_detail(c_code, SHORT_NAME, po_no, staff_id,staff_name,SETTLEMENT_TYPE,PO_NO_TYPE, c_part_no, part_no, pn_desc, comm_desc, spec_desc, amount, c_price, money, org_delivery_date,CUST_C_CODE,RLT_ORDER_PO_NO)  values('GV0005', '今凯', 'P10032781','','','','0','CKRH3D16A/HP-1R5M','GCRH3D16A/HP-1R5M','3D16 1.5UH +/-20% 对角型脚位 大电流\r\n',null,'',1000,.48,480,'2010-08-08','GC0120','1007B0001095');
insert into t_cust_order(po_no,SHORT_NAME, c_code,order_time,first_create_time,create_time) values('CG-10-08-04-1607','美赛达','GC0049', now(), now(), now());
insert into t_cust_order_detail(c_code, SHORT_NAME, po_no, staff_id,sales_id, c_part_no, part_no, pn_desc, comm_desc, spec_desc, amount, c_price, money, org_delivery_date,vendor_code,ORDERAMOUNT,RLT_ORDER_PO_NO)  values('GC0049', '美赛达', 'CG-10-08-04-1607','','','10510UH10','GCRH8D43-100NC','8D43 10UH +/-25%\r\n',null,'',1000,.82,820,'2010-08-07','GV0005', 1000,'P10032781');
insert into t_vendor_order_detail(c_code, SHORT_NAME, po_no, staff_id,staff_name,SETTLEMENT_TYPE,PO_NO_TYPE, c_part_no, part_no, pn_desc, comm_desc, spec_desc, amount, c_price, money, org_delivery_date,CUST_C_CODE,RLT_ORDER_PO_NO)  values('GV0005', '今凯', 'P10032781','','','','0','CKRH8D43-100NC','GCRH8D43-100NC','8D43 10UH +/-25%\r\n',null,'',1000,.68,680,'2010-08-10','GC0049','CG-10-08-04-1607');
insert into t_cust_order_detail(c_code, SHORT_NAME, po_no, staff_id,sales_id, c_part_no, part_no, pn_desc, comm_desc, spec_desc, amount, c_price, money, org_delivery_date,vendor_code,ORDERAMOUNT,RLT_ORDER_PO_NO)  values('GC0049', '美赛达', 'CG-10-08-04-1607','','','105100U07','GCRH104R-101NC','104R 100UH +/-25%\r\n',null,'',1000,.68,680,'2010-08-07','GV0005', 1000,'P10032781');
insert into t_vendor_order_detail(c_code, SHORT_NAME, po_no, staff_id,staff_name,SETTLEMENT_TYPE,PO_NO_TYPE, c_part_no, part_no, pn_desc, comm_desc, spec_desc, amount, c_price, money, org_delivery_date,CUST_C_CODE,RLT_ORDER_PO_NO)  values('GV0005', '今凯', 'P10032781','','','','0','CKRH104R-101NC','GCRH104R-101NC','104R 100UH +/-25%\r\n',null,'',1000,.68,680,'2010-08-10','GC0049','CG-10-08-04-1607');
insert into t_cust_order_detail(c_code, SHORT_NAME, po_no, staff_id,sales_id, c_part_no, part_no, pn_desc, comm_desc, spec_desc, amount, c_price, money, org_delivery_date,vendor_code,ORDERAMOUNT,RLT_ORDER_PO_NO)  values('GC0112', '中海达', 'CGDD0330','','','011202040','GCRH3D14A-100NC','3D14A 10UH +/-25% 对角型脚位',null,'',6000,1.13,6780,'2010-08-16','GV0005', 6000,'P10032781');
insert into t_vendor_order_detail(c_code, SHORT_NAME, po_no, staff_id,staff_name,SETTLEMENT_TYPE,PO_NO_TYPE, c_part_no, part_no, pn_desc, comm_desc, spec_desc, amount, c_price, money, org_delivery_date,CUST_C_CODE,RLT_ORDER_PO_NO)  values('GV0005', '今凯', 'P10032781','','','','0','CKRH3D14A-100NC','GCRH3D14A-100NC','3D14A 10UH +/-25% 对角型脚位',null,'',6000,.48,2880,'2010-10-04','GC0112','CGDD0330');
insert into t_cust_order_detail(c_code, SHORT_NAME, po_no, staff_id,sales_id, c_part_no, part_no, pn_desc, comm_desc, spec_desc, amount, c_price, money, org_delivery_date,vendor_code,ORDERAMOUNT,RLT_ORDER_PO_NO)  values('GC0098', '罡扇广联（税）', 'GH20100248-1','','','CDH4B18-470UH','GCRH4D18-471M','4D18 470UH +/-20%',null,'',11500,.53,6095,'2010-08-10','GV0005', 11500,'P10032781');
insert into t_vendor_order_detail(c_code, SHORT_NAME, po_no, staff_id,staff_name,SETTLEMENT_TYPE,PO_NO_TYPE, c_part_no, part_no, pn_desc, comm_desc, spec_desc, amount, c_price, money, org_delivery_date,CUST_C_CODE,RLT_ORDER_PO_NO)  values('GV0005', '今凯', 'P10032781','','','','0','CKRH4D18-471M','GCRH4D18-471M','4D18 470UH +/-20%',null,'',11500,.45,5175,'2010-08-10','GC0098','GH20100248-1');
insert into t_cust_order_detail(c_code, SHORT_NAME, po_no, staff_id,sales_id, c_part_no, part_no, pn_desc, comm_desc, spec_desc, amount, c_price, money, org_delivery_date,vendor_code,ORDERAMOUNT,RLT_ORDER_PO_NO)  values('GC0098', '罡扇广联（税）', 'GH20100248-1','','','CDH4B18-330UH','GCRH4D18-331NC','4D18 330UH +/-25%',null,'',30000,.53,15900,'2010-08-10','GV0005', 30000,'P10032781');
insert into t_vendor_order_detail(c_code, SHORT_NAME, po_no, staff_id,staff_name,SETTLEMENT_TYPE,PO_NO_TYPE, c_part_no, part_no, pn_desc, comm_desc, spec_desc, amount, c_price, money, org_delivery_date,CUST_C_CODE,RLT_ORDER_PO_NO)  values('GV0005', '今凯', 'P10032781','','','','0','CKRH4D18-331NC','GCRH4D18-331NC','4D18 330UH +/-25%',null,'',30000,.45,13500,'2010-08-10','GC0098','GH20100248-1');
insert into t_cust_order_detail(c_code, SHORT_NAME, po_no, staff_id,sales_id, c_part_no, part_no, pn_desc, comm_desc, spec_desc, amount, c_price, money, org_delivery_date,vendor_code,ORDERAMOUNT,RLT_ORDER_PO_NO)  values('GC0098', '罡扇广联（税）', 'GH20100248-1','','','CD75-47UH','GCD75-470M','75 47UH +/-20%',null,'',1000,.46,460,'2010-08-10','GV0005', 1000,'P10032781');
insert into t_vendor_order_detail(c_code, SHORT_NAME, po_no, staff_id,staff_name,SETTLEMENT_TYPE,PO_NO_TYPE, c_part_no, part_no, pn_desc, comm_desc, spec_desc, amount, c_price, money, org_delivery_date,CUST_C_CODE,RLT_ORDER_PO_NO)  values('GV0005', '今凯', 'P10032781','','','','0','CKD75-470NC','GCD75-470M','75 47UH +/-20% 1.5A',null,'',1000,.378,378,'2010-08-10','GC0098','GH20100248-1');
insert into t_cust_order(po_no,SHORT_NAME, c_code,order_time,first_create_time,create_time) values('YX10073101','昱鑫共创','GC0083', now(), now(), now());
insert into t_cust_order_detail(c_code, SHORT_NAME, po_no, staff_id,sales_id, c_part_no, part_no, pn_desc, comm_desc, spec_desc, amount, c_price, money, org_delivery_date,vendor_code,ORDERAMOUNT,RLT_ORDER_PO_NO)  values('GC0083', '昱鑫共创', 'YX10073101','','','470 3D28','GCRH3D28-470NC','3D28 47UH +/-25% 半月型脚位',null,'可确定明细',25000,.6,15000,'2010-08-03','GV0005', 25000,'P10032781');
insert into t_vendor_order_detail(c_code, SHORT_NAME, po_no, staff_id,staff_name,SETTLEMENT_TYPE,PO_NO_TYPE, c_part_no, part_no, pn_desc, comm_desc, spec_desc, amount, c_price, money, org_delivery_date,CUST_C_CODE,RLT_ORDER_PO_NO)  values('GV0005', '今凯', 'P10032781','','','','0','CKRH3D28-470NC','GCRH3D28-470NC','3D28 47UH +/-25% 半月型脚位',null,'可确定明细',25000,.48,12000,'2010-08-15','GC0083','YX10073101');
insert into t_cust_order(po_no,SHORT_NAME, c_code,order_time,first_create_time,create_time) values('GH20100246','维宝视','GC0084', now(), now(), now());
insert into t_cust_order_detail(c_code, SHORT_NAME, po_no, staff_id,sales_id, c_part_no, part_no, pn_desc, comm_desc, spec_desc, amount, c_price, money, org_delivery_date,vendor_code,ORDERAMOUNT,RLT_ORDER_PO_NO)  values('GC0084', '维宝视', 'GH20100246','','','63B-561M','GCRH63B-561M-D','63B 560UH +/-20% 封胶',null,'',10000,.6,6000,'2010-08-04','GV0006', 10000,'P10032795');
insert into t_vendor_order(po_no,SHORT_NAME, c_code,order_time,create_time) values('P10032795','海瑞达','GV0006', now(), now());
insert into t_vendor_order_detail(c_code, SHORT_NAME, po_no, staff_id,staff_name,SETTLEMENT_TYPE,PO_NO_TYPE, c_part_no, part_no, pn_desc, comm_desc, spec_desc, amount, c_price, money, org_delivery_date,CUST_C_CODE,RLT_ORDER_PO_NO)  values('GV0006', '海瑞达', 'P10032795','','','','0','HSMRH63B-561M','GCRH63B-561M-D','63B 560UH +/-20% 封胶',null,'',10000,.5,5000,'2010-08-10','GC0084','GH20100246');
insert into t_cust_order(po_no,SHORT_NAME, c_code,order_time,first_create_time,create_time) values('GH20100250','维宝视','GC0084', now(), now(), now());
insert into t_cust_order_detail(c_code, SHORT_NAME, po_no, staff_id,sales_id, c_part_no, part_no, pn_desc, comm_desc, spec_desc, amount, c_price, money, org_delivery_date,vendor_code,ORDERAMOUNT,RLT_ORDER_PO_NO)  values('GC0084', '维宝视', 'GH20100250','','','GCRH63B-151K','GCRH63B-151K','63B 150UH +/-10%\r\n',null,'',2000,.6,1200,'2010-08-09','GV0006', 2000,'P10032795');
insert into t_vendor_order_detail(c_code, SHORT_NAME, po_no, staff_id,staff_name,SETTLEMENT_TYPE,PO_NO_TYPE, c_part_no, part_no, pn_desc, comm_desc, spec_desc, amount, c_price, money, org_delivery_date,CUST_C_CODE,RLT_ORDER_PO_NO)  values('GV0006', '海瑞达', 'P10032795','','','','0','HSMRH63B-151K','GCRH63B-151K','63B 150UH +/-10%\r\n',null,'',2000,.5,1000,'2010-08-09','GC0084','GH20100250');
insert into t_cust_order(po_no,SHORT_NAME, c_code,order_time,first_create_time,create_time) values('1008004','鸿莱克斯','GC0050', now(), now(), now());
insert into t_cust_order_detail(c_code, SHORT_NAME, po_no, staff_id,sales_id, c_part_no, part_no, pn_desc, comm_desc, spec_desc, amount, c_price, money, org_delivery_date,vendor_code,ORDERAMOUNT,RLT_ORDER_PO_NO)  values('GC0050', '鸿莱克斯', '1008004','','','15010002','GCD43-471M','43 470UH +/-20%',null,'',10000,.25,2500,'2010-08-09','GV0005', 10000,'P10032800-1');
insert into t_vendor_order(po_no,SHORT_NAME, c_code,order_time,create_time) values('P10032800-1','今凯','GV0005', now(), now());
insert into t_vendor_order_detail(c_code, SHORT_NAME, po_no, staff_id,staff_name,SETTLEMENT_TYPE,PO_NO_TYPE, c_part_no, part_no, pn_desc, comm_desc, spec_desc, amount, c_price, money, org_delivery_date,CUST_C_CODE,RLT_ORDER_PO_NO)  values('GV0005', '今凯', 'P10032800-1','','','','0','CKD43-471M','GCD43-471M','43 470UH +/-20%',null,'',10000,.23,2300,'2010-08-10','GC0050','1008004');
insert into t_cust_order(po_no,SHORT_NAME, c_code,order_time,first_create_time,create_time) values('W88-614005','中诺基','GC0131', now(), now(), now());
insert into t_cust_order_detail(c_code, SHORT_NAME, po_no, staff_id,sales_id, c_part_no, part_no, pn_desc, comm_desc, spec_desc, amount, c_price, money, org_delivery_date,vendor_code,ORDERAMOUNT,RLT_ORDER_PO_NO)  values('GC0131', '中诺基', 'W88-614005','','','GCD32-220NC','GCD32-220NC','32 22UH +/-25%',null,'',2000,.28,560,'2010-08-04','GV0031', 2000,'P10032800');
insert into t_vendor_order(po_no,SHORT_NAME, c_code,order_time,create_time) values('P10032800','格莱尔','GV0031', now(), now());
insert into t_vendor_order_detail(c_code, SHORT_NAME, po_no, staff_id,staff_name,SETTLEMENT_TYPE,PO_NO_TYPE, c_part_no, part_no, pn_desc, comm_desc, spec_desc, amount, c_price, money, org_delivery_date,CUST_C_CODE,RLT_ORDER_PO_NO)  values('GV0031', '格莱尔', 'P10032800','','','','0','GCD32-220NC','GCD32-220NC','32 22UH +/-25%',null,'',2000,.238,476,'2010-08-15','GC0131','W88-614005');
insert into t_cust_order_detail(c_code, SHORT_NAME, po_no, staff_id,sales_id, c_part_no, part_no, pn_desc, comm_desc, spec_desc, amount, c_price, money, org_delivery_date,vendor_code,ORDERAMOUNT,RLT_ORDER_PO_NO)  values('GC0131', '中诺基', 'W88-614005','','','Z600-0003-030R','GCD32-470NC','32 47UH +/-25%',null,'',2000,.28,560,'2010-08-04','GV0031', 2000,'P10032800');
insert into t_vendor_order_detail(c_code, SHORT_NAME, po_no, staff_id,staff_name,SETTLEMENT_TYPE,PO_NO_TYPE, c_part_no, part_no, pn_desc, comm_desc, spec_desc, amount, c_price, money, org_delivery_date,CUST_C_CODE,RLT_ORDER_PO_NO)  values('GV0031', '格莱尔', 'P10032800','','','','0','GCD32-470NC','GCD32-470NC','32 47UH +/-25%',null,'',2000,.238,476,'2010-08-15','GC0131','W88-614005');
insert into t_cust_order_detail(c_code, SHORT_NAME, po_no, staff_id,sales_id, c_part_no, part_no, pn_desc, comm_desc, spec_desc, amount, c_price, money, org_delivery_date,vendor_code,ORDERAMOUNT,RLT_ORDER_PO_NO)  values('GC0013', '创力仕实业', '1007447','','','FSMR-LLQ1608FR33J','LLQ1608-FR33J','要求和TOKO P/N:LLQ1608-FR33J电气性能一致,包装及编带和TOKO LLQ1608系列一致',null,'',60000,.535,32100,'2010-11-01','GV0011', 60000,'P10032812');
insert into t_vendor_order(po_no,SHORT_NAME, c_code,order_time,create_time) values('P10032812','高雅','GV0011', now(), now());
insert into t_vendor_order_detail(c_code, SHORT_NAME, po_no, staff_id,staff_name,SETTLEMENT_TYPE,PO_NO_TYPE, c_part_no, part_no, pn_desc, comm_desc, spec_desc, amount, c_price, money, org_delivery_date,CUST_C_CODE,RLT_ORDER_PO_NO)  values('GV0011', '高雅', 'P10032812','','','','0','CCFH0603CR33J','LLQ1608-FR33J','0603绕线电感 330NH 5% 电气性能、包装及编带和TOKO P/N:LLQ1608-FR33J一致',null,'',60000,.025,1500,'2010-11-01','GC0013','1007447');
insert into t_cust_order_detail(c_code, SHORT_NAME, po_no, staff_id,sales_id, c_part_no, part_no, pn_desc, comm_desc, spec_desc, amount, c_price, money, org_delivery_date,vendor_code,ORDERAMOUNT,RLT_ORDER_PO_NO)  values('GC0013', '创力仕实业', '1007447','','','FSMR-LLQ1608FR33J','LLQ1608-FR33J','要求和TOKO P/N:LLQ1608-FR33J电气性能一致,包装及编带和TOKO LLQ1608系列一致',null,'',60000,.535,32100,'2010-12-01','GV0011', 60000,'P10032812');
insert into t_vendor_order_detail(c_code, SHORT_NAME, po_no, staff_id,staff_name,SETTLEMENT_TYPE,PO_NO_TYPE, c_part_no, part_no, pn_desc, comm_desc, spec_desc, amount, c_price, money, org_delivery_date,CUST_C_CODE,RLT_ORDER_PO_NO)  values('GV0011', '高雅', 'P10032812','','','','0','CCFH0603CR33J','LLQ1608-FR33J','0603绕线电感 330NH 5% 电气性能、包装及编带和TOKO P/N:LLQ1608-FR33J一致',null,'',60000,.025,1500,'2010-12-01','GC0013','1007447');
insert into t_cust_order_detail(c_code, SHORT_NAME, po_no, staff_id,sales_id, c_part_no, part_no, pn_desc, comm_desc, spec_desc, amount, c_price, money, org_delivery_date,vendor_code,ORDERAMOUNT,RLT_ORDER_PO_NO)  values('GC0013', '创力仕实业', '1007447','','','FSMR-LLQ1608FR33J','LLQ1608-FR33J','要求和TOKO P/N:LLQ1608-FR33J电气性能一致,包装及编带和TOKO LLQ1608系列一致',null,'',72000,.535,38520,'2011-03-01','GV0011', 72000,'P10032812');
insert into t_vendor_order_detail(c_code, SHORT_NAME, po_no, staff_id,staff_name,SETTLEMENT_TYPE,PO_NO_TYPE, c_part_no, part_no, pn_desc, comm_desc, spec_desc, amount, c_price, money, org_delivery_date,CUST_C_CODE,RLT_ORDER_PO_NO)  values('GV0011', '高雅', 'P10032812','','','','0','CCFH0603CR33J','LLQ1608-FR33J','0603绕线电感 330NH 5% 电气性能、包装及编带和TOKO P/N:LLQ1608-FR33J一致',null,'',72000,.025,1800,'2011-01-03','GC0013','1007447');
insert into t_cust_order_detail(c_code, SHORT_NAME, po_no, staff_id,sales_id, c_part_no, part_no, pn_desc, comm_desc, spec_desc, amount, c_price, money, org_delivery_date,vendor_code,ORDERAMOUNT,RLT_ORDER_PO_NO)  values('GC0013', '创力仕实业', '1007447','','','FSMR-LLQ1608FR33J','LLQ1608-FR33J','要求和TOKO P/N:LLQ1608-FR33J电气性能一致,包装及编带和TOKO LLQ1608系列一致',null,'',69000,.535,36915,'2011-02-09','GV0011', 69000,'P10032812');
insert into t_vendor_order_detail(c_code, SHORT_NAME, po_no, staff_id,staff_name,SETTLEMENT_TYPE,PO_NO_TYPE, c_part_no, part_no, pn_desc, comm_desc, spec_desc, amount, c_price, money, org_delivery_date,CUST_C_CODE,RLT_ORDER_PO_NO)  values('GV0011', '高雅', 'P10032812','','','','0','CCFH0603CR33J','LLQ1608-FR33J','0603绕线电感 330NH 5% 电气性能、包装及编带和TOKO P/N:LLQ1608-FR33J一致',null,'',69000,.025,1725,'2011-02-09','GC0013','1007447');
insert into t_cust_order_detail(c_code, SHORT_NAME, po_no, staff_id,sales_id, c_part_no, part_no, pn_desc, comm_desc, spec_desc, amount, c_price, money, org_delivery_date,vendor_code,ORDERAMOUNT,RLT_ORDER_PO_NO)  values('GC0013', '创力仕实业', '1007447','','','FSMR-LLQ1608FR33J','LLQ1608-FR33J','要求和TOKO P/N:LLQ1608-FR33J电气性能一致,包装及编带和TOKO LLQ1608系列一致',null,'',42000,.535,22470,'2011-03-01','GV0011', 42000,'P10032812');
insert into t_vendor_order_detail(c_code, SHORT_NAME, po_no, staff_id,staff_name,SETTLEMENT_TYPE,PO_NO_TYPE, c_part_no, part_no, pn_desc, comm_desc, spec_desc, amount, c_price, money, org_delivery_date,CUST_C_CODE,RLT_ORDER_PO_NO)  values('GV0011', '高雅', 'P10032812','','','','0','CCFH0603CR33J','LLQ1608-FR33J','0603绕线电感 330NH 5% 电气性能、包装及编带和TOKO P/N:LLQ1608-FR33J一致',null,'',42000,.025,1050,'2011-03-01','GC0013','1007447');
insert into t_cust_order(po_no,SHORT_NAME, c_code,order_time,first_create_time,create_time) values('PO10072721','利明实业','GC0031', now(), now(), now());
insert into t_cust_order_detail(c_code, SHORT_NAME, po_no, staff_id,sales_id, c_part_no, part_no, pn_desc, comm_desc, spec_desc, amount, c_price, money, org_delivery_date,vendor_code,ORDERAMOUNT,RLT_ORDER_PO_NO)  values('GC0031', '利明实业', 'PO10072721','','','EMB0603600R1','GCZ1608D601TF','0603 100MHZ 600欧',null,'',16000,.019,304,'2010-07-30','GV0009', 16000,'P10032835');
insert into t_vendor_order(po_no,SHORT_NAME, c_code,order_time,create_time) values('P10032835','麦捷微','GV0009', now(), now());
insert into t_vendor_order_detail(c_code, SHORT_NAME, po_no, staff_id,staff_name,SETTLEMENT_TYPE,PO_NO_TYPE, c_part_no, part_no, pn_desc, comm_desc, spec_desc, amount, c_price, money, org_delivery_date,CUST_C_CODE,RLT_ORDER_PO_NO)  values('GV0009', '麦捷微', 'P10032835','','','','0','0603 100MHZ 600欧','GCZ1608D601TF','0603 100MHZ 600欧',null,'',16000,.016,256,'2010-08-09','GC0031','PO10072721');
insert into t_cust_order(po_no,SHORT_NAME, c_code,order_time,first_create_time,create_time) values('PO10080314','利明实业','GC0031', now(), now(), now());
insert into t_cust_order_detail(c_code, SHORT_NAME, po_no, staff_id,sales_id, c_part_no, part_no, pn_desc, comm_desc, spec_desc, amount, c_price, money, org_delivery_date,vendor_code,ORDERAMOUNT,RLT_ORDER_PO_NO)  values('GC0031', '利明实业', 'PO10080314','','','EMB0603600R1','GCZ1608D601TF','0603 100MHZ 600欧',null,'',8000,.019,152,'2010-08-09','GV0009', 8000,'P10032835');
insert into t_vendor_order_detail(c_code, SHORT_NAME, po_no, staff_id,staff_name,SETTLEMENT_TYPE,PO_NO_TYPE, c_part_no, part_no, pn_desc, comm_desc, spec_desc, amount, c_price, money, org_delivery_date,CUST_C_CODE,RLT_ORDER_PO_NO)  values('GV0009', '麦捷微', 'P10032835','','','','0','0603 100MHZ 600欧','GCZ1608D601TF','0603 100MHZ 600欧',null,'',8000,.016,128,'2010-08-15','GC0031','PO10080314');
insert into t_cust_order(po_no,SHORT_NAME, c_code,order_time,first_create_time,create_time) values('PO10080614','利明实业','GC0031', now(), now(), now());
insert into t_cust_order_detail(c_code, SHORT_NAME, po_no, staff_id,sales_id, c_part_no, part_no, pn_desc, comm_desc, spec_desc, amount, c_price, money, org_delivery_date,vendor_code,ORDERAMOUNT,RLT_ORDER_PO_NO)  values('GC0031', '利明实业', 'PO10080614','','','EMB0603600R1','GCZ1608D601TF','0603 100MHZ 600欧',null,'',16000,.019,304,'2010-08-10','GV0009', 16000,'P10032835');
insert into t_vendor_order_detail(c_code, SHORT_NAME, po_no, staff_id,staff_name,SETTLEMENT_TYPE,PO_NO_TYPE, c_part_no, part_no, pn_desc, comm_desc, spec_desc, amount, c_price, money, org_delivery_date,CUST_C_CODE,RLT_ORDER_PO_NO)  values('GV0009', '麦捷微', 'P10032835','','','','0','0603 100MHZ 600欧','GCZ1608D601TF','0603 100MHZ 600欧',null,'',16000,.016,256,'2010-08-15','GC0031','PO10080614');
insert into t_cust_order(po_no,SHORT_NAME, c_code,order_time,first_create_time,create_time) values('CZ20100806001','泽昶','GC0107', now(), now(), now());
insert into t_cust_order_detail(c_code, SHORT_NAME, po_no, staff_id,sales_id, c_part_no, part_no, pn_desc, comm_desc, spec_desc, amount, c_price, money, org_delivery_date,vendor_code,ORDERAMOUNT,RLT_ORDER_PO_NO)  values('GC0107', '泽昶', 'CZ20100806001','','','GCRH127-330N','GCRH127-330NC','127 33UH +/-25%',null,'',4000,.9,3600,'2010-08-25','GV0005', 4000,'P10032855');
insert into t_vendor_order(po_no,SHORT_NAME, c_code,order_time,create_time) values('P10032855','今凯','GV0005', now(), now());
insert into t_vendor_order_detail(c_code, SHORT_NAME, po_no, staff_id,staff_name,SETTLEMENT_TYPE,PO_NO_TYPE, c_part_no, part_no, pn_desc, comm_desc, spec_desc, amount, c_price, money, org_delivery_date,CUST_C_CODE,RLT_ORDER_PO_NO)  values('GV0005', '今凯', 'P10032855','','','','0','CKRH127-330NC','GCRH127-330NC','127 33UH +/-25%',null,'',4000,.66,2640,'2010-08-11','GC0107','CZ20100806001');
insert into t_cust_order_detail(c_code, SHORT_NAME, po_no, staff_id,sales_id, c_part_no, part_no, pn_desc, comm_desc, spec_desc, amount, c_price, money, org_delivery_date,vendor_code,ORDERAMOUNT,RLT_ORDER_PO_NO)  values('GC0031', '利明实业', 'PO10080314','','','EMB0603600R1','GCZ1608D601TF','0603 100MHZ 600欧',null,'',20000,.019,380,'2010-08-09','GV0009', 20000,'P10032877');
insert into t_vendor_order(po_no,SHORT_NAME, c_code,order_time,create_time) values('P10032877','麦捷微','GV0009', now(), now());
insert into t_vendor_order_detail(c_code, SHORT_NAME, po_no, staff_id,staff_name,SETTLEMENT_TYPE,PO_NO_TYPE, c_part_no, part_no, pn_desc, comm_desc, spec_desc, amount, c_price, money, org_delivery_date,CUST_C_CODE,RLT_ORDER_PO_NO)  values('GV0009', '麦捷微', 'P10032877','','','','0','0603 100MHZ 600欧','GCZ1608D601TF','0603 100MHZ 600欧',null,'',20000,.016,320,'2010-08-15','GC0031','PO10080314');
insert into t_cust_order(po_no,SHORT_NAME, c_code,order_time,first_create_time,create_time) values('DPO10080073','盈视讯','GC0018', now(), now(), now());
insert into t_cust_order_detail(c_code, SHORT_NAME, po_no, staff_id,sales_id, c_part_no, part_no, pn_desc, comm_desc, spec_desc, amount, c_price, money, org_delivery_date,vendor_code,ORDERAMOUNT,RLT_ORDER_PO_NO)  values('GC0018', '盈视讯', 'DPO10080073','','','476-EPC1700-10-00','EPC17 DIP-10','EPC17 DIP-10\r\n',null,'',300,2.85,855,'2010-08-09','GV0029', 300,'P10032881');
insert into t_vendor_order(po_no,SHORT_NAME, c_code,order_time,create_time) values('P10032881','忠瀚电子','GV0029', now(), now());
insert into t_vendor_order_detail(c_code, SHORT_NAME, po_no, staff_id,staff_name,SETTLEMENT_TYPE,PO_NO_TYPE, c_part_no, part_no, pn_desc, comm_desc, spec_desc, amount, c_price, money, org_delivery_date,CUST_C_CODE,RLT_ORDER_PO_NO)  values('GV0029', '忠瀚电子', 'P10032881','','','','0','KB1381 1A12V','EPC17 DIP-10','EPC17 DIP-10\r\n',null,'',300,2.2,660,'2010-08-09','GC0018','DPO10080073');
insert into t_cust_order(po_no,SHORT_NAME, c_code,order_time,first_create_time,create_time) values('P0R071172FY','易力声','GC0067', now(), now(), now());
insert into t_cust_order_detail(c_code, SHORT_NAME, po_no, staff_id,sales_id, c_part_no, part_no, pn_desc, comm_desc, spec_desc, amount, c_price, money, org_delivery_date,vendor_code,ORDERAMOUNT,RLT_ORDER_PO_NO)  values('GC0067', '易力声', 'P0R071172FY','','','71310001','MM3Z6V2','二极管6.2V SOD-323,BZT52C6V2SDICT-ND  先科ST',null,'MHP-276-12',3000,.12,360,'2010-08-30','GV0020', 3000,'P10032895');
insert into t_vendor_order(po_no,SHORT_NAME, c_code,order_time,create_time) values('P10032895','天旺','GV0020', now(), now());
insert into t_vendor_order_detail(c_code, SHORT_NAME, po_no, staff_id,staff_name,SETTLEMENT_TYPE,PO_NO_TYPE, c_part_no, part_no, pn_desc, comm_desc, spec_desc, amount, c_price, money, org_delivery_date,CUST_C_CODE,RLT_ORDER_PO_NO)  values('GV0020', '天旺', 'P10032895','','','','0','MM3Z6V2','MM3Z6V2','二极管6.2V SOD-323,BZT52C6V2SDICT-ND  先科ST',null,'MHP-276-12',3000,.079,237,'2010-08-30','GC0067','P0R071172FY');
insert into t_cust_order(po_no,SHORT_NAME, c_code,order_time,first_create_time,create_time) values('P0R071375FY','易力声','GC0067', now(), now(), now());
insert into t_cust_order_detail(c_code, SHORT_NAME, po_no, staff_id,sales_id, c_part_no, part_no, pn_desc, comm_desc, spec_desc, amount, c_price, money, org_delivery_date,vendor_code,ORDERAMOUNT,RLT_ORDER_PO_NO)  values('GC0067', '易力声', 'P0R071375FY','','','71310001','MM3Z6V2','二极管6.2V SOD-323,BZT52C6V2SDICT-ND  先科ST',null,'MHP-276-12',12000,.12,1440,'2010-09-01','GV0020', 12000,'P10032895');
insert into t_vendor_order_detail(c_code, SHORT_NAME, po_no, staff_id,staff_name,SETTLEMENT_TYPE,PO_NO_TYPE, c_part_no, part_no, pn_desc, comm_desc, spec_desc, amount, c_price, money, org_delivery_date,CUST_C_CODE,RLT_ORDER_PO_NO)  values('GV0020', '天旺', 'P10032895','','','','0','MM3Z6V2','MM3Z6V2','二极管6.2V SOD-323,BZT52C6V2SDICT-ND  先科ST',null,'MHP-276-12',12000,.079,948,'2010-09-01','GC0067','P0R071375FY');
insert into t_cust_order(po_no,SHORT_NAME, c_code,order_time,first_create_time,create_time) values('GH20100249','王强','GC0121', now(), now(), now());
insert into t_cust_order_detail(c_code, SHORT_NAME, po_no, staff_id,sales_id, c_part_no, part_no, pn_desc, comm_desc, spec_desc, amount, c_price, money, org_delivery_date,vendor_code,ORDERAMOUNT,RLT_ORDER_PO_NO)  values('GC0121', '王强', 'GH20100249','','','A960AW-100M','A960AW-100M','TOKO\r\n',null,'',10000,.87,8700,'2010-08-09','GV0003', 10000,'P10032900');
insert into t_vendor_order(po_no,SHORT_NAME, c_code,order_time,create_time) values('P10032900','华龙东光','GV0003', now(), now());
insert into t_vendor_order_detail(c_code, SHORT_NAME, po_no, staff_id,staff_name,SETTLEMENT_TYPE,PO_NO_TYPE, c_part_no, part_no, pn_desc, comm_desc, spec_desc, amount, c_price, money, org_delivery_date,CUST_C_CODE,RLT_ORDER_PO_NO)  values('GV0003', '华龙东光', 'P10032900','','','','0','A960AW-100M','A960AW-100M','TOKO\r\n',null,'',10000,.098,980,'2010-09-10','GC0121','GH20100249');
insert into t_cust_order(po_no,SHORT_NAME, c_code,order_time,first_create_time,create_time) values('GR-GD1019Z','金轮','GC0005', now(), now(), now());
insert into t_cust_order_detail(c_code, SHORT_NAME, po_no, staff_id,sales_id, c_part_no, part_no, pn_desc, comm_desc, spec_desc, amount, c_price, money, org_delivery_date,vendor_code,ORDERAMOUNT,RLT_ORDER_PO_NO)  values('GC0005', '金轮', 'GR-GD1019Z','','','#919AS-1R8N=P3','#919AS-1R8N=P3','TOKO',null,'可确定明细',1000,.42,420,'2010-08-09','GV0003', 1000,'P10032900');
insert into t_vendor_order_detail(c_code, SHORT_NAME, po_no, staff_id,staff_name,SETTLEMENT_TYPE,PO_NO_TYPE, c_part_no, part_no, pn_desc, comm_desc, spec_desc, amount, c_price, money, org_delivery_date,CUST_C_CODE,RLT_ORDER_PO_NO)  values('GV0003', '华龙东光', 'P10032900','','','','0','#919AS-1R8N=P3','#919AS-1R8N=P3','TOKO',null,'可确定明细',1000,.19,190,'2010-09-10','GC0005','GR-GD1019Z');
insert into t_cust_order_detail(c_code, SHORT_NAME, po_no, staff_id,sales_id, c_part_no, part_no, pn_desc, comm_desc, spec_desc, amount, c_price, money, org_delivery_date,vendor_code,ORDERAMOUNT,RLT_ORDER_PO_NO)  values('GC0005', '金轮', 'GR-GD1019Z','','','#919AS-4R7M=P3','#919AS-4R7M=P3','TOKO',null,'可确定明细',2000,.42,840,'2010-08-09','GV0003', 2000,'P10032900');
insert into t_vendor_order_detail(c_code, SHORT_NAME, po_no, staff_id,staff_name,SETTLEMENT_TYPE,PO_NO_TYPE, c_part_no, part_no, pn_desc, comm_desc, spec_desc, amount, c_price, money, org_delivery_date,CUST_C_CODE,RLT_ORDER_PO_NO)  values('GV0003', '华龙东光', 'P10032900','','','','0','#919AS-4R7M=P3','#919AS-4R7M=P3','TOKO',null,'可确定明细',2000,.19,380,'2010-09-10','GC0005','GR-GD1019Z');
insert into t_cust_order_detail(c_code, SHORT_NAME, po_no, staff_id,sales_id, c_part_no, part_no, pn_desc, comm_desc, spec_desc, amount, c_price, money, org_delivery_date,vendor_code,ORDERAMOUNT,RLT_ORDER_PO_NO)  values('GC0005', '金轮', 'GR-GD1019Z','','','LL1608-FSL8N2J','LL1608-FSL8N2J','TOKO\r\n',null,'可确定明细',28000,.011,308,'2010-08-09','GV0003', 28000,'P10032900');
insert into t_vendor_order_detail(c_code, SHORT_NAME, po_no, staff_id,staff_name,SETTLEMENT_TYPE,PO_NO_TYPE, c_part_no, part_no, pn_desc, comm_desc, spec_desc, amount, c_price, money, org_delivery_date,CUST_C_CODE,RLT_ORDER_PO_NO)  values('GV0003', '华龙东光', 'P10032900','','','','0','LL1608-FSL8N2J','LL1608-FSL8N2J','TOKO\r\n',null,'可确定明细',28000,.0084,235.2,'2010-09-10','GC0005','GR-GD1019Z');
insert into t_cust_order(po_no,SHORT_NAME, c_code,order_time,first_create_time,create_time) values('CGDD0057','中海达','GC0112', now(), now(), now());
insert into t_cust_order_detail(c_code, SHORT_NAME, po_no, staff_id,sales_id, c_part_no, part_no, pn_desc, comm_desc, spec_desc, amount, c_price, money, org_delivery_date,vendor_code,ORDERAMOUNT,RLT_ORDER_PO_NO)  values('GC0112', '中海达', 'CGDD0057','','','01020100412','#4DFA-1227B-11=P','滤波器 封装：4DFA',null,'可确定明细',1000,26,26000,'2010-07-22','GV0032', 1000,'P10032915');
insert into t_vendor_order(po_no,SHORT_NAME, c_code,order_time,create_time) values('P10032915','坚发（税）','GV0032', now(), now());
insert into t_vendor_order_detail(c_code, SHORT_NAME, po_no, staff_id,staff_name,SETTLEMENT_TYPE,PO_NO_TYPE, c_part_no, part_no, pn_desc, comm_desc, spec_desc, amount, c_price, money, org_delivery_date,CUST_C_CODE,RLT_ORDER_PO_NO)  values('GV0032', '坚发（税）', 'P10032915','','','','0','#4DFA-1227B-11=P','#4DFA-1227B-11=P','滤波器 封装：4DFA',null,'可确定明细',1000,26,26000,'2010-08-10','GC0112','CGDD0057');
insert into t_cust_order_detail(c_code, SHORT_NAME, po_no, staff_id,sales_id, c_part_no, part_no, pn_desc, comm_desc, spec_desc, amount, c_price, money, org_delivery_date,vendor_code,ORDERAMOUNT,RLT_ORDER_PO_NO)  values('GC0112', '中海达', 'CGDD0057','','','01020100413','#4DFA-1575B-12=P','滤波器 封装：4DFA',null,'',1000,26,26000,'2010-07-22','GV0032', 1000,'P10032915');
insert into t_vendor_order_detail(c_code, SHORT_NAME, po_no, staff_id,staff_name,SETTLEMENT_TYPE,PO_NO_TYPE, c_part_no, part_no, pn_desc, comm_desc, spec_desc, amount, c_price, money, org_delivery_date,CUST_C_CODE,RLT_ORDER_PO_NO)  values('GV0032', '坚发（税）', 'P10032915','','','','0','#4DFA-1575B-12=P','#4DFA-1575B-12=P','滤波器 封装：4DFA',null,'',1000,26,26000,'2010-08-15','GC0112','CGDD0057');
insert into t_cust_order(po_no,SHORT_NAME, c_code,order_time,first_create_time,create_time) values('CGDD0323','中海达','GC0112', now(), now(), now());
insert into t_cust_order_detail(c_code, SHORT_NAME, po_no, staff_id,sales_id, c_part_no, part_no, pn_desc, comm_desc, spec_desc, amount, c_price, money, org_delivery_date,vendor_code,ORDERAMOUNT,RLT_ORDER_PO_NO)  values('GC0112', '中海达', 'CGDD0323','','','01020100412','#4DFA-1227B-11=P','滤波器 封装：4DFA',null,'',2000,26,52000,'2010-10-04','GV0032', 2000,'P10032915');
insert into t_vendor_order_detail(c_code, SHORT_NAME, po_no, staff_id,staff_name,SETTLEMENT_TYPE,PO_NO_TYPE, c_part_no, part_no, pn_desc, comm_desc, spec_desc, amount, c_price, money, org_delivery_date,CUST_C_CODE,RLT_ORDER_PO_NO)  values('GV0032', '坚发（税）', 'P10032915','','','','0','#4DFA-1227B-11=P','#4DFA-1227B-11=P','滤波器 封装：4DFA',null,'',2000,26,52000,'2010-11-08','GC0112','CGDD0323');
insert into t_cust_order_detail(c_code, SHORT_NAME, po_no, staff_id,sales_id, c_part_no, part_no, pn_desc, comm_desc, spec_desc, amount, c_price, money, org_delivery_date,vendor_code,ORDERAMOUNT,RLT_ORDER_PO_NO)  values('GC0112', '中海达', 'CGDD0323','','','01020100413','#4DFA-1575B-12=P','滤波器 封装：4DFA',null,'',2000,26,52000,'2010-10-04','GV0032', 2000,'P10032915');
insert into t_vendor_order_detail(c_code, SHORT_NAME, po_no, staff_id,staff_name,SETTLEMENT_TYPE,PO_NO_TYPE, c_part_no, part_no, pn_desc, comm_desc, spec_desc, amount, c_price, money, org_delivery_date,CUST_C_CODE,RLT_ORDER_PO_NO)  values('GV0032', '坚发（税）', 'P10032915','','','','0','#4DFA-1575B-12=P','#4DFA-1575B-12=P','滤波器 封装：4DFA',null,'',2000,26,52000,'2010-08-10','GC0112','CGDD0323');
insert into t_cust_order(po_no,SHORT_NAME, c_code,order_time,first_create_time,create_time) values('CGDD0325','中海达','GC0112', now(), now(), now());
insert into t_cust_order_detail(c_code, SHORT_NAME, po_no, staff_id,sales_id, c_part_no, part_no, pn_desc, comm_desc, spec_desc, amount, c_price, money, org_delivery_date,vendor_code,ORDERAMOUNT,RLT_ORDER_PO_NO)  values('GC0112', '中海达', 'CGDD0325','','','01020100412','#4DFA-1227B-11=P','滤波器 封装：4DFA',null,'',2000,26,52000,'2010-11-08','GV0032', 2000,'P10032915');
insert into t_vendor_order_detail(c_code, SHORT_NAME, po_no, staff_id,staff_name,SETTLEMENT_TYPE,PO_NO_TYPE, c_part_no, part_no, pn_desc, comm_desc, spec_desc, amount, c_price, money, org_delivery_date,CUST_C_CODE,RLT_ORDER_PO_NO)  values('GV0032', '坚发（税）', 'P10032915','','','','0','#4DFA-1227B-11=P','#4DFA-1227B-11=P','滤波器 封装：4DFA',null,'',2000,26,52000,'2010-08-10','GC0112','CGDD0325');
insert into t_cust_order_detail(c_code, SHORT_NAME, po_no, staff_id,sales_id, c_part_no, part_no, pn_desc, comm_desc, spec_desc, amount, c_price, money, org_delivery_date,vendor_code,ORDERAMOUNT,RLT_ORDER_PO_NO)  values('GC0112', '中海达', 'CGDD0325','','','01020100413','#4DFA-1575B-12=P','滤波器 封装：4DFA',null,'',2000,26,52000,'2010-11-08','GV0032', 2000,'P10032915');
insert into t_vendor_order_detail(c_code, SHORT_NAME, po_no, staff_id,staff_name,SETTLEMENT_TYPE,PO_NO_TYPE, c_part_no, part_no, pn_desc, comm_desc, spec_desc, amount, c_price, money, org_delivery_date,CUST_C_CODE,RLT_ORDER_PO_NO)  values('GV0032', '坚发（税）', 'P10032915','','','','0','#4DFA-1575B-12=P','#4DFA-1575B-12=P','滤波器 封装：4DFA',null,'',2000,26,52000,'2010-08-10','GC0112','CGDD0325');
insert into t_cust_order_detail(c_code, SHORT_NAME, po_no, staff_id,sales_id, c_part_no, part_no, pn_desc, comm_desc, spec_desc, amount, c_price, money, org_delivery_date,vendor_code,ORDERAMOUNT,RLT_ORDER_PO_NO)  values('GC0013', '创力仕实业', '1007088','','','FSMR-ELJFC4R7K-P','ELJFC4R7KF-G','2520 4.7UH +/-10%',null,'',72000,.28,20160,'2010-12-01','GV0001', 72000,'P10032933');
insert into t_vendor_order(po_no,SHORT_NAME, c_code,order_time,create_time) values('P10032933','科翔兴','GV0001', now(), now());
insert into t_vendor_order_detail(c_code, SHORT_NAME, po_no, staff_id,staff_name,SETTLEMENT_TYPE,PO_NO_TYPE, c_part_no, part_no, pn_desc, comm_desc, spec_desc, amount, c_price, money, org_delivery_date,CUST_C_CODE,RLT_ORDER_PO_NO)  values('GV0001', '科翔兴', 'P10032933','','','','0','ELJFC4R7KF','ELJFC4R7KF-G','2520 4.7UH +/-10%',null,'',72000,.0192,1382.4,'2010-12-01','GC0013','1007088');
insert into t_cust_order_detail(c_code, SHORT_NAME, po_no, staff_id,sales_id, c_part_no, part_no, pn_desc, comm_desc, spec_desc, amount, c_price, money, org_delivery_date,vendor_code,ORDERAMOUNT,RLT_ORDER_PO_NO)  values('GC0013', '创力仕实业', '1007088','','','FSMR-ELJFC4R7K-P','ELJFC4R7KF-G','2520 4.7UH +/-10%',null,'',72000,.28,20160,'2011-01-03','GV0001', 72000,'P10032933');
insert into t_vendor_order_detail(c_code, SHORT_NAME, po_no, staff_id,staff_name,SETTLEMENT_TYPE,PO_NO_TYPE, c_part_no, part_no, pn_desc, comm_desc, spec_desc, amount, c_price, money, org_delivery_date,CUST_C_CODE,RLT_ORDER_PO_NO)  values('GV0001', '科翔兴', 'P10032933','','','','0','ELJFC4R7KF','ELJFC4R7KF-G','2520 4.7UH +/-10%',null,'',72000,.0192,1382.4,'2011-01-03','GC0013','1007088');
insert into t_cust_order_detail(c_code, SHORT_NAME, po_no, staff_id,sales_id, c_part_no, part_no, pn_desc, comm_desc, spec_desc, amount, c_price, money, org_delivery_date,vendor_code,ORDERAMOUNT,RLT_ORDER_PO_NO)  values('GC0013', '创力仕实业', '1007088','','','FSMR-ELJFC4R7K-P','ELJFC4R7KF-G','2520 4.7UH +/-10%',null,'',60000,.28,16800,'2011-02-09','GV0001', 60000,'P10032933');
insert into t_vendor_order_detail(c_code, SHORT_NAME, po_no, staff_id,staff_name,SETTLEMENT_TYPE,PO_NO_TYPE, c_part_no, part_no, pn_desc, comm_desc, spec_desc, amount, c_price, money, org_delivery_date,CUST_C_CODE,RLT_ORDER_PO_NO)  values('GV0001', '科翔兴', 'P10032933','','','','0','ELJFC4R7KF','ELJFC4R7KF-G','2520 4.7UH +/-10%',null,'',60000,.0192,1152,'2011-02-09','GC0013','1007088');
insert into t_cust_order_detail(c_code, SHORT_NAME, po_no, staff_id,sales_id, c_part_no, part_no, pn_desc, comm_desc, spec_desc, amount, c_price, money, org_delivery_date,vendor_code,ORDERAMOUNT,RLT_ORDER_PO_NO)  values('GC0013', '创力仕实业', '1007088','','','FSMR-ELJFC4R7K-P','ELJFC4R7KF-G','2520 4.7UH +/-10%',null,'',46000,.28,12880,'2011-03-01','GV0001', 46000,'P10032933');
insert into t_vendor_order_detail(c_code, SHORT_NAME, po_no, staff_id,staff_name,SETTLEMENT_TYPE,PO_NO_TYPE, c_part_no, part_no, pn_desc, comm_desc, spec_desc, amount, c_price, money, org_delivery_date,CUST_C_CODE,RLT_ORDER_PO_NO)  values('GV0001', '科翔兴', 'P10032933','','','','0','ELJFC4R7KF','ELJFC4R7KF-G','2520 4.7UH +/-10%',null,'',46000,.0192,883.2,'2011-03-01','GC0013','1007088');
insert into t_cust_order_detail(c_code, SHORT_NAME, po_no, staff_id,sales_id, c_part_no, part_no, pn_desc, comm_desc, spec_desc, amount, c_price, money, org_delivery_date,vendor_code,ORDERAMOUNT,RLT_ORDER_PO_NO)  values('GC0112', '中海达', 'CGDD0330','','','011202030','GCRH3D14A-4R7NC','3D14A 4.7UH +/-25% 对角型脚位',null,'',6000,1.13,6780,'2010-08-16','GV0005', 6000,'P20032781');
insert into t_vendor_order(po_no,SHORT_NAME, c_code,order_time,create_time) values('P20032781','今凯','GV0005', now(), now());
insert into t_vendor_order_detail(c_code, SHORT_NAME, po_no, staff_id,staff_name,SETTLEMENT_TYPE,PO_NO_TYPE, c_part_no, part_no, pn_desc, comm_desc, spec_desc, amount, c_price, money, org_delivery_date,CUST_C_CODE,RLT_ORDER_PO_NO)  values('GV0005', '今凯', 'P20032781','','','','0','CKRH3D14A-4R7NC','GCRH3D14A-4R7NC','3D14A 4.7UH +/-25% 对角型脚位',null,'',6000,.48,2880,'2010-10-04','GC0112','CGDD0330');
insert into t_cust_order_detail(c_code, SHORT_NAME, po_no, staff_id,sales_id, c_part_no, part_no, pn_desc, comm_desc, spec_desc, amount, c_price, money, org_delivery_date,vendor_code,ORDERAMOUNT,RLT_ORDER_PO_NO)  values('GC0115', '科翔', '100803002','','','ELJPA100KF','ELJPA100KF-G','3225 10UH +/-10% 低内阻',null,'',6000,.01932,115.92,'2010-09-25','GV0001', 0,'');
insert into t_cust_order(po_no,SHORT_NAME, c_code,order_time,first_create_time,create_time) values('100806002','科翔','GC0115', now(), now(), now());
insert into t_cust_order_detail(c_code, SHORT_NAME, po_no, staff_id,sales_id, c_part_no, part_no, pn_desc, comm_desc, spec_desc, amount, c_price, money, org_delivery_date,vendor_code,ORDERAMOUNT,RLT_ORDER_PO_NO)  values('GC0115', '科翔', '100806002','','','ELJPA100KF','ELJPA100KF-G','3225 10UH +/-10% 低内阻',null,'',24000,.01932,463.68,'2010-09-04','GV0001', 0,'');
insert into t_cust_order_detail(c_code, SHORT_NAME, po_no, staff_id,sales_id, c_part_no, part_no, pn_desc, comm_desc, spec_desc, amount, c_price, money, org_delivery_date,vendor_code,ORDERAMOUNT,RLT_ORDER_PO_NO)  values('GC0016', '飞歌汽车音响', 'FA-PO-A20100713007','','','DZ03V0017R0','GCD3225-220M-D','3225 22UH +/-20% 点胶 2K/盘 8MM编带',null,'',16000,.28,4480,'2010-10-15','GV0004', 0,'');
insert into t_cust_order_detail(c_code, SHORT_NAME, po_no, staff_id,sales_id, c_part_no, part_no, pn_desc, comm_desc, spec_desc, amount, c_price, money, org_delivery_date,vendor_code,ORDERAMOUNT,RLT_ORDER_PO_NO)  values('GC0085', '创达盛', 'GH20100126','','','ELJPA100KF','ELJPA100KF-G','3225 10UH +/-10% 低内阻',null,'',50000,.17,8500,'2010-08-09','GV0001', 0,'');
insert into t_cust_order_detail(c_code, SHORT_NAME, po_no, staff_id,sales_id, c_part_no, part_no, pn_desc, comm_desc, spec_desc, amount, c_price, money, org_delivery_date,vendor_code,ORDERAMOUNT,RLT_ORDER_PO_NO)  values('GC0014', '罡扇广联', 'GH20100165','','','2520-10UH','ELJFA100JF-G','3225 10UH +/-5%',null,'',60000,.16,9600,'2010-08-10','GV0001', 0,'');
insert into t_cust_order(po_no,SHORT_NAME, c_code,order_time,first_create_time,create_time) values('GH20100172','吕日土','GC0132', now(), now(), now());
insert into t_cust_order_detail(c_code, SHORT_NAME, po_no, staff_id,sales_id, c_part_no, part_no, pn_desc, comm_desc, spec_desc, amount, c_price, money, org_delivery_date,vendor_code,ORDERAMOUNT,RLT_ORDER_PO_NO)  values('GC0132', '吕日土', 'GH20100172','','','ELJPA470KF','ELJPA470KF-G','3225 47UH +/-10%低内阻',null,'可确定明细',10000,.18,1800,'2010-08-09','GV0001', 0,'');
insert into t_cust_order(po_no,SHORT_NAME, c_code,order_time,first_create_time,create_time) values('GH20100186','创达盛','GC0085', now(), now(), now());
insert into t_cust_order_detail(c_code, SHORT_NAME, po_no, staff_id,sales_id, c_part_no, part_no, pn_desc, comm_desc, spec_desc, amount, c_price, money, org_delivery_date,vendor_code,ORDERAMOUNT,RLT_ORDER_PO_NO)  values('GC0085', '创达盛', 'GH20100186','','','ELJPA220KF','ELJPA220KF-G','3225 22UH +/-10%低内阻',null,'',60000,.17,10200,'2010-08-09','GV0001', 0,'');
insert into t_cust_order_detail(c_code, SHORT_NAME, po_no, staff_id,sales_id, c_part_no, part_no, pn_desc, comm_desc, spec_desc, amount, c_price, money, org_delivery_date,vendor_code,ORDERAMOUNT,RLT_ORDER_PO_NO)  values('GC0014', '罡扇广联', 'GH20100217','','','3225-330UH','NLV32T-331K-PF','3225 330UH',null,'',2000,.16,320,'2010-08-10','GV0019', 0,'');
insert into t_cust_order_detail(c_code, SHORT_NAME, po_no, staff_id,sales_id, c_part_no, part_no, pn_desc, comm_desc, spec_desc, amount, c_price, money, org_delivery_date,vendor_code,ORDERAMOUNT,RLT_ORDER_PO_NO)  values('GC0014', '罡扇广联', 'GH20100248','','','2520 22UH','ELJFC220JF-G','2520 22UH +/-5%',null,'',194000,.16,31040,'2010-08-10','GV0001', 0,'');
insert into t_cust_order_detail(c_code, SHORT_NAME, po_no, staff_id,sales_id, c_part_no, part_no, pn_desc, comm_desc, spec_desc, amount, c_price, money, org_delivery_date,vendor_code,ORDERAMOUNT,RLT_ORDER_PO_NO)  values('GC0014', '罡扇广联', 'GH20100248','','','3*3-50K欧','EVM3ESX50B54','可调电阻 3*3 50K',null,'',6000,.26,1560,'2010-08-10','GV0030', 0,'');
insert into t_cust_order(po_no,SHORT_NAME, c_code,order_time,first_create_time,create_time) values('GH201010176','高纳','GC0046', now(), now(), now());
insert into t_cust_order_detail(c_code, SHORT_NAME, po_no, staff_id,sales_id, c_part_no, part_no, pn_desc, comm_desc, spec_desc, amount, c_price, money, org_delivery_date,vendor_code,ORDERAMOUNT,RLT_ORDER_PO_NO)  values('GC0046', '高纳', 'GH201010176','','','SLF7032T-221M','GSLF7032T-221M','7032 220UH +/-20%',null,'',15000,.72,10800,'2010-08-09','GV0004', 0,'');
insert into t_cust_order(po_no,SHORT_NAME, c_code,order_time,first_create_time,create_time) values('HYD2010031101','宏源达香港','GC0118', now(), now(), now());
insert into t_cust_order_detail(c_code, SHORT_NAME, po_no, staff_id,sales_id, c_part_no, part_no, pn_desc, comm_desc, spec_desc, amount, c_price, money, org_delivery_date,vendor_code,ORDERAMOUNT,RLT_ORDER_PO_NO)  values('GC0118', '宏源达香港', 'HYD2010031101','','','ELJPA680KF','ELJPA680KF-G','3225 68UH +/-10%低内阻',null,'',22000,.0208,457.6,'2010-08-09','GV0002', 0,'');
insert into t_cust_order_detail(c_code, SHORT_NAME, po_no, staff_id,sales_id, c_part_no, part_no, pn_desc, comm_desc, spec_desc, amount, c_price, money, org_delivery_date,vendor_code,ORDERAMOUNT,RLT_ORDER_PO_NO)  values('GC0118', '宏源达香港', 'HYD2010031101','','','ELJPA220KF','ELJPA220KF-G','3225 22UH +/-10%低内阻',null,'',50000,.0208,1040,'2010-08-09','GV0002', 0,'');
insert into t_cust_order_detail(c_code, SHORT_NAME, po_no, staff_id,sales_id, c_part_no, part_no, pn_desc, comm_desc, spec_desc, amount, c_price, money, org_delivery_date,vendor_code,ORDERAMOUNT,RLT_ORDER_PO_NO)  values('GC0118', '宏源达香港', 'HYD2010031101','','','ELJPA100KF','ELJPA100KF-G','3225 10UH +/-10% 低内阻',null,'',220000,.0208,4576,'2010-08-09','GV0002', 0,'');
insert into t_cust_order_detail(c_code, SHORT_NAME, po_no, staff_id,sales_id, c_part_no, part_no, pn_desc, comm_desc, spec_desc, amount, c_price, money, org_delivery_date,vendor_code,ORDERAMOUNT,RLT_ORDER_PO_NO)  values('GC0118', '宏源达香港', 'HYD2010031101','','','ELJPA101KF','ELJPA101KF-G','3225 100UH +/-10% 低内阻',null,'',200000,.0208,4160,'2010-08-09','GV0002', 0,'');
insert into t_cust_order(po_no,SHORT_NAME, c_code,order_time,first_create_time,create_time) values('HYD2010031502','宏源达香港','GC0118', now(), now(), now());
insert into t_cust_order_detail(c_code, SHORT_NAME, po_no, staff_id,sales_id, c_part_no, part_no, pn_desc, comm_desc, spec_desc, amount, c_price, money, org_delivery_date,vendor_code,ORDERAMOUNT,RLT_ORDER_PO_NO)  values('GC0118', '宏源达香港', 'HYD2010031502','','','ELJPC220KF','ELJPC220KF-G','2520 22UH +/-10%低内阻',null,'',60000,.0208,1248,'2010-08-09','GV0002', 0,'');
insert into t_cust_order_detail(c_code, SHORT_NAME, po_no, staff_id,sales_id, c_part_no, part_no, pn_desc, comm_desc, spec_desc, amount, c_price, money, org_delivery_date,vendor_code,ORDERAMOUNT,RLT_ORDER_PO_NO)  values('GC0118', '宏源达香港', 'HYD2010031502','','','ELJPA101KF','ELJPA101KF-G','3225 100UH +/-10% 低内阻',null,'',100000,.0208,2080,'2010-08-09','GV0002', 0,'');
insert into t_cust_order_detail(c_code, SHORT_NAME, po_no, staff_id,sales_id, c_part_no, part_no, pn_desc, comm_desc, spec_desc, amount, c_price, money, org_delivery_date,vendor_code,ORDERAMOUNT,RLT_ORDER_PO_NO)  values('GC0118', '宏源达香港', 'HYD2010031502','','','ELJPC220KF','ELJPC220KF-G','2520 22UH +/-10%低内阻',null,'',250000,.0208,5200,'2010-08-09','GV0002', 0,'');
insert into t_cust_order_detail(c_code, SHORT_NAME, po_no, staff_id,sales_id, c_part_no, part_no, pn_desc, comm_desc, spec_desc, amount, c_price, money, org_delivery_date,vendor_code,ORDERAMOUNT,RLT_ORDER_PO_NO)  values('GC0118', '宏源达香港', 'HYD2010031502','','','ELJPA470KF','ELJPA470KF-G','3225 47UH +/-10%低内阻',null,'',120000,.0208,2496,'2010-08-09','GV0002', 0,'');
insert into t_cust_order_detail(c_code, SHORT_NAME, po_no, staff_id,sales_id, c_part_no, part_no, pn_desc, comm_desc, spec_desc, amount, c_price, money, org_delivery_date,vendor_code,ORDERAMOUNT,RLT_ORDER_PO_NO)  values('GC0118', '宏源达香港', 'HYD2010031502','','','ELJPB121KF','ELJPB121KF-G','4532 120UH +/-10%低内阻',null,'',100000,.0631,6310,'2010-08-09','GV0002', 0,'');
insert into t_cust_order_detail(c_code, SHORT_NAME, po_no, staff_id,sales_id, c_part_no, part_no, pn_desc, comm_desc, spec_desc, amount, c_price, money, org_delivery_date,vendor_code,ORDERAMOUNT,RLT_ORDER_PO_NO)  values('GC0118', '宏源达香港', 'HYD2010031502','','','ELJPA100KF','ELJPA100KF-G','3225 10UH +/-10% 低内阻',null,'',1200000,.0208,24960,'2010-08-09','GV0002', 0,'');
insert into t_cust_order_detail(c_code, SHORT_NAME, po_no, staff_id,sales_id, c_part_no, part_no, pn_desc, comm_desc, spec_desc, amount, c_price, money, org_delivery_date,vendor_code,ORDERAMOUNT,RLT_ORDER_PO_NO)  values('GC0118', '宏源达香港', 'HYD2010031502','','','ELJPA101KF','ELJPA101KF-G','3225 100UH +/-10% 低内阻',null,'',100000,.0208,2080,'2010-08-09','GV0002', 0,'');
insert into t_cust_order(po_no,SHORT_NAME, c_code,order_time,first_create_time,create_time) values('HYD2010040702','宏源达香港','GC0118', now(), now(), now());
insert into t_cust_order_detail(c_code, SHORT_NAME, po_no, staff_id,sales_id, c_part_no, part_no, pn_desc, comm_desc, spec_desc, amount, c_price, money, org_delivery_date,vendor_code,ORDERAMOUNT,RLT_ORDER_PO_NO)  values('GC0118', '宏源达香港', 'HYD2010040702','','','ELJPC100KF','ELJPC100KF-G','2520 10UH +/-10%低内阻',null,'',200000,.0208,4160,'2010-08-09','GV0002', 0,'');
insert into t_cust_order_detail(c_code, SHORT_NAME, po_no, staff_id,sales_id, c_part_no, part_no, pn_desc, comm_desc, spec_desc, amount, c_price, money, org_delivery_date,vendor_code,ORDERAMOUNT,RLT_ORDER_PO_NO)  values('GC0118', '宏源达香港', 'HYD2010040702','','','ELJPC100KF','ELJPC100KF-G','2520 10UH +/-10%低内阻',null,'',200000,.0208,4160,'2010-08-09','GV0002', 0,'');
insert into t_cust_order_detail(c_code, SHORT_NAME, po_no, staff_id,sales_id, c_part_no, part_no, pn_desc, comm_desc, spec_desc, amount, c_price, money, org_delivery_date,vendor_code,ORDERAMOUNT,RLT_ORDER_PO_NO)  values('GC0118', '宏源达香港', 'HYD2010040702','','','ELJPC100KF','ELJPC100KF-G','2520 10UH +/-10%低内阻',null,'',200000,.0208,4160,'2010-08-09','GV0002', 0,'');
insert into t_cust_order_detail(c_code, SHORT_NAME, po_no, staff_id,sales_id, c_part_no, part_no, pn_desc, comm_desc, spec_desc, amount, c_price, money, org_delivery_date,vendor_code,ORDERAMOUNT,RLT_ORDER_PO_NO)  values('GC0118', '宏源达香港', 'HYD2010040702','','','ELJPA470KF','ELJPA470KF-G','3225 47UH +/-10%低内阻',null,'',1200000,.0208,24960,'2010-08-09','GV0002', 0,'');
insert into t_cust_order(po_no,SHORT_NAME, c_code,order_time,first_create_time,create_time) values('HYD2010042201','宏源达香港','GC0118', now(), now(), now());
insert into t_cust_order_detail(c_code, SHORT_NAME, po_no, staff_id,sales_id, c_part_no, part_no, pn_desc, comm_desc, spec_desc, amount, c_price, money, org_delivery_date,vendor_code,ORDERAMOUNT,RLT_ORDER_PO_NO)  values('GC0118', '宏源达香港', 'HYD2010042201','','','ELJPC100KF','ELJPC100KF-G','2520 10UH +/-10%低内阻',null,'',30000,.0208,624,'2010-08-09','GV0002', 0,'');
insert into t_cust_order_detail(c_code, SHORT_NAME, po_no, staff_id,sales_id, c_part_no, part_no, pn_desc, comm_desc, spec_desc, amount, c_price, money, org_delivery_date,vendor_code,ORDERAMOUNT,RLT_ORDER_PO_NO)  values('GC0118', '宏源达香港', 'HYD2010042201','','','ELJPA220KF','ELJPA220KF-G','3225 22UH +/-10%低内阻',null,'',300000,.0208,6240,'2010-08-09','GV0002', 0,'');
insert into t_cust_order(po_no,SHORT_NAME, c_code,order_time,first_create_time,create_time) values('MD-TC-628-10-7-26','英蓓特','GC0088', now(), now(), now());
insert into t_cust_order_detail(c_code, SHORT_NAME, po_no, staff_id,sales_id, c_part_no, part_no, pn_desc, comm_desc, spec_desc, amount, c_price, money, org_delivery_date,vendor_code,ORDERAMOUNT,RLT_ORDER_PO_NO)  values('GC0088', '英蓓特', 'MD-TC-628-10-7-26','','','GCRH104R-101NC','GCRH104R-101NC','104R 100UH +/-25%\r\n',null,'',510,1.05,535.5,'2010-08-06','GV0005', 0,'');
insert into t_cust_order(po_no,SHORT_NAME, c_code,order_time,first_create_time,create_time) values('PO1004-144','喜恩碧','GC0006', now(), now(), now());
insert into t_cust_order_detail(c_code, SHORT_NAME, po_no, staff_id,sales_id, c_part_no, part_no, pn_desc, comm_desc, spec_desc, amount, c_price, money, org_delivery_date,vendor_code,ORDERAMOUNT,RLT_ORDER_PO_NO)  values('GC0006', '喜恩碧', 'PO1004-144','','','LC00022CK1','ELJFC220KF-G','2520 22UH +/-10%',null,'',10000,.21067371,2106.7371,'2010-06-07','GV0001', 0,'');
insert into t_cust_order_detail(c_code, SHORT_NAME, po_no, staff_id,sales_id, c_part_no, part_no, pn_desc, comm_desc, spec_desc, amount, c_price, money, org_delivery_date,vendor_code,ORDERAMOUNT,RLT_ORDER_PO_NO)  values('GC0006', '喜恩碧', 'PO1004-144','','','LC00047DK1','ELJPA470KF-G','3225 47UH +/-10%低内阻',null,'',10000,.21067371,2106.7371,'2010-06-07','GV0001', 0,'');
insert into t_cust_order_detail(c_code, SHORT_NAME, po_no, staff_id,sales_id, c_part_no, part_no, pn_desc, comm_desc, spec_desc, amount, c_price, money, org_delivery_date,vendor_code,ORDERAMOUNT,RLT_ORDER_PO_NO)  values('GC0006', '喜恩碧', 'PO1005-055','','','LC00022CK1','ELJFC220KF-G','2520 22UH +/-10%',null,'',20000,.21067371,4213.4742,'2010-06-15','GV0001', 0,'');
insert into t_cust_order_detail(c_code, SHORT_NAME, po_no, staff_id,sales_id, c_part_no, part_no, pn_desc, comm_desc, spec_desc, amount, c_price, money, org_delivery_date,vendor_code,ORDERAMOUNT,RLT_ORDER_PO_NO)  values('GC0006', '喜恩碧', 'PO1005-055','','','LC00047DK1','ELJPA470KF-G','3225 47UH +/-10%低内阻',null,'',20000,.21067371,4213.4742,'2010-06-30','GV0001', 0,'');
insert into t_cust_order(po_no,SHORT_NAME, c_code,order_time,first_create_time,create_time) values('PO10071704','富视安','GC0070', now(), now(), now());
insert into t_cust_order_detail(c_code, SHORT_NAME, po_no, staff_id,sales_id, c_part_no, part_no, pn_desc, comm_desc, spec_desc, amount, c_price, money, org_delivery_date,vendor_code,ORDERAMOUNT,RLT_ORDER_PO_NO)  values('GC0070', '富视安', 'PO10071704','','','09-52-R21017','ELJPB101KF-G','4532 100UH +/-10%低内阻',null,'',13500,.524,7074,'2010-07-31','GV0001', 0,'');
insert into t_cust_order_detail(c_code, SHORT_NAME, po_no, staff_id,sales_id, c_part_no, part_no, pn_desc, comm_desc, spec_desc, amount, c_price, money, org_delivery_date,vendor_code,ORDERAMOUNT,RLT_ORDER_PO_NO)  values('GC0070', '富视安', 'PO10071704','','','09-52-R24706','ELJPA470KF-G','3225 47UH +/-10%低内阻',null,'',24000,.19,4560,'2010-07-31','GV0001', 0,'');
insert into t_cust_order_detail(c_code, SHORT_NAME, po_no, staff_id,sales_id, c_part_no, part_no, pn_desc, comm_desc, spec_desc, amount, c_price, money, org_delivery_date,vendor_code,ORDERAMOUNT,RLT_ORDER_PO_NO)  values('GC0070', '富视安', 'PO10080216','','','09-52-R24707','ELJFC470JF-G','2520 47UH +/-5%',null,'',4000,.19,760,'2010-08-12','GV0001', 0,'');
insert into t_cust_order_detail(c_code, SHORT_NAME, po_no, staff_id,sales_id, c_part_no, part_no, pn_desc, comm_desc, spec_desc, amount, c_price, money, org_delivery_date,vendor_code,ORDERAMOUNT,RLT_ORDER_PO_NO)  values('GC0070', '富视安', 'PO10080216','','','09-52-R21017','ELJPB101KF-G','4532 100UH +/-10%低内阻',null,'',30000,.524,15720,'2010-08-12','GV0001', 0,'');
insert into t_cust_order_detail(c_code, SHORT_NAME, po_no, staff_id,sales_id, c_part_no, part_no, pn_desc, comm_desc, spec_desc, amount, c_price, money, org_delivery_date,vendor_code,ORDERAMOUNT,RLT_ORDER_PO_NO)  values('GC0070', '富视安', 'PO10080216','','','09-52-R24706','ELJPA470KF-G','3225 47UH +/-10%低内阻',null,'',48000,.19,9120,'2010-08-12','GV0001', 0,'');
insert into t_cust_order_detail(c_code, SHORT_NAME, po_no, staff_id,sales_id, c_part_no, part_no, pn_desc, comm_desc, spec_desc, amount, c_price, money, org_delivery_date,vendor_code,ORDERAMOUNT,RLT_ORDER_PO_NO)  values('GC0031', '利明实业', 'PO10080314','','','EMB0805060R1','GCZ2012D601TF','600 +/-25% 100MHz\r\n',null,'',32000,.019,608,'2010-08-09','GV0009', 0,'');
insert into t_cust_order_detail(c_code, SHORT_NAME, po_no, staff_id,sales_id, c_part_no, part_no, pn_desc, comm_desc, spec_desc, amount, c_price, money, org_delivery_date,vendor_code,ORDERAMOUNT,RLT_ORDER_PO_NO)  values('GC0031', '利明实业', 'PO10080314','','','EMB0805060R1','GCZ2012D601TF','600 +/-25% 100MHz\r\n',null,'',52000,.019,988,'2010-08-09','GV0009', 0,'');
insert into t_cust_order_detail(c_code, SHORT_NAME, po_no, staff_id,sales_id, c_part_no, part_no, pn_desc, comm_desc, spec_desc, amount, c_price, money, org_delivery_date,vendor_code,ORDERAMOUNT,RLT_ORDER_PO_NO)  values('GC0031', '利明实业', 'PO10080614','','','EMB0805060R1','GCZ2012D601TF','600 +/-25% 100MHz\r\n',null,'',16000,.019,304,'2010-08-10','GV0009', 0,'');
insert into t_cust_order(po_no,SHORT_NAME, c_code,order_time,first_create_time,create_time) values('SM201041202','艾威视数码','GC0022', now(), now(), now());
insert into t_cust_order_detail(c_code, SHORT_NAME, po_no, staff_id,sales_id, c_part_no, part_no, pn_desc, comm_desc, spec_desc, amount, c_price, money, org_delivery_date,vendor_code,ORDERAMOUNT,RLT_ORDER_PO_NO)  values('GC0022', '艾威视数码', 'SM201041202','','','ELJPB101KF','ELJPB101KF-G','4532 100UH +/-10%低内阻',null,'',500,.76,380,'2010-08-09','GV0001', 0,'');
insert into t_cust_order(po_no,SHORT_NAME, c_code,order_time,first_create_time,create_time) values('XWTPO10061101','新纬图','GC0044', now(), now(), now());
insert into t_cust_order_detail(c_code, SHORT_NAME, po_no, staff_id,sales_id, c_part_no, part_no, pn_desc, comm_desc, spec_desc, amount, c_price, money, org_delivery_date,vendor_code,ORDERAMOUNT,RLT_ORDER_PO_NO)  values('GC0044', '新纬图', 'XWTPO10061101','','','4D28-330UH','GCRH4D28-331K','4D28 330UH +/-10%',null,'',10000,.54,5400,'2010-08-09','GV0005', 0,'');
insert into t_cust_order(po_no,SHORT_NAME, c_code,order_time,first_create_time,create_time) values('补退货0001527','鸿莱克斯','GC0050', now(), now(), now());
insert into t_cust_order_detail(c_code, SHORT_NAME, po_no, staff_id,sales_id, c_part_no, part_no, pn_desc, comm_desc, spec_desc, amount, c_price, money, org_delivery_date,vendor_code,ORDERAMOUNT,RLT_ORDER_PO_NO)  values('GC0050', '鸿莱克斯', '补退货0001527','','','15010002','GCD43-471M','43 470UH +/-20%',null,'',20000,.25,5000,'2010-08-09','GV0005', 0,'');
